marker_0,marker_1,marker_2,marker_3,marker_4,marker_5,marker_6,marker_7,marker_8,marker_9,diagnosis
2.365397735617739,-2.405070211852649,1.4545298125768045,0.6354537186648757,0.3314852620217588,0.2554835301955555,0.1417658589610795,-1.8844584265608013,-1.619776758022065,0.42321237445701776,0
1.4663588313902067,1.4318378764526818,2.4926884931033477,1.6627408686266065,0.8455260998852114,2.7681287809159603,1.1512196407856137,-1.2784318450762922,-0.07690288718292071,-0.7219633271251292,0
0.818120984733028,-0.40840875565876855,-1.2305455535022998,1.7091576471435213,1.5910193057751172,1.0304781154870235,-0.20576859802966765,0.31240745394608027,2.566688762896697,0.8899875622171,0
0.173130383440931,-2.01946067528689,-0.303312423459996,0.22270649025433042,0.5317448831256588,-0.3400937264153201,0.18676205484824018,-3.1335642358848785,2.6822465897416943,2.633537940031605,0
1.991689854122597,-1.3783398021439865,0.12934675573598642,0.7331866021452603,-0.7150218680302427,1.032841401593672,-1.0285765255061254,0.8091444000861842,-1.4995983357696403,-1.151868384586774,0
4.741050517150443,-1.1245506266907623,1.1056970099835406,4.553318979302938,-0.5777505081541768,-0.2401442366336759,-0.6041676033158545,1.600588531789945,-2.227224932517802,0.14280939244258323,0
1.591692711474979,-1.1341471431699262,-0.9131433146253294,1.0749324409434182,0.4233419486085754,0.9982925850835328,2.0807659040391893,1.4329489333581678,-0.12343197472758849,-0.679440922931713,0
3.445970459279737,-2.129269267154446,1.3728249152717578,2.0549212558862617,-0.25295169922576405,-0.03502216038952022,1.5133362783557256,-0.42770510714736565,-2.3049286169617735,0.6983208157562021,0
0.4775801146459175,-0.5240315714666598,-0.9728705815716694,1.0750996579651486,0.48178370786128394,1.0194083266571756,-0.6958614201447756,-0.2514825925286639,2.369372688583767,1.182352844091784,0
1.0436524285940654,-0.8744930941403926,-0.27903277898530876,0.2590878793456207,-1.3162700410740993,1.5756837563766015,-0.8082184087866364,0.4430709156279805,-0.12701477925552918,0.6186301201097418,0
4.02672504322815,-0.7721961158598307,1.4224455229247988,3.7127359124446766,-1.0642215103355075,0.3642713558081765,0.9952112224773986,0.9013542962727259,-1.9714761012397155,1.0160935216469669,0
-2.7372162764459227,0.9270521330491679,-3.2040016555613837,-1.450855300940902,1.0452510148730776,-0.612716480517556,0.3497695206060582,2.366160831554632,2.4110175522245916,-1.7381116395453866,1
2.8460600389454007,-1.6896542313379426,2.182389327983895,1.7492787882052183,0.9373272918208769,1.205037271894028,-0.978322207591943,-2.5815314412398553,-0.6899462026829593,0.4730509282332128,0
-0.2762958156040493,1.9515506020857567,0.2910543789904607,1.269614160978091,0.5108629891483177,1.1438905806617141,2.444582752582506,0.08042096682129196,1.7968066209417084,0.17252678292308982,1
-0.1702361990507144,-1.6236149601762846,-3.780101343085402,-0.19438674778717568,0.2954272865648849,1.0026307531102652,0.6634477291515113,2.5364250860120117,2.4062024564480153,1.4695825373608864,0
0.9233215006602588,-2.1457288638869088,-1.5251970670408623,-1.0149896437783799,0.5822444775637607,0.9198485474908612,-0.0659746208908102,1.9995628580049585,-1.5871935640328632,-1.7443307192782576,0
2.1183164698008734,-1.3108852141436151,2.6919109424767993,0.13736903216075524,-0.5974233651432281,1.755742159108426,1.0779017394533252,-2.364481247579457,-2.2093861049039223,-1.7021343999747023,0
1.6541748324168906,0.3365818257343589,2.8573557076832214,1.394814370008813,-0.7422480135662024,2.3524087267066456,-0.503504161887299,-2.9008795221500883,0.13786724097988645,-0.22064275011577214,0
1.1794821771440906,0.5724562878416251,3.0140955338545017,-0.1582982406032416,-0.8912185001067509,2.8320837153103984,-0.06184008396068339,-1.76476860037309,-1.941731341255521,-0.36010595263818695,0
1.126560503976828,-0.16928203312449963,0.5252040924735297,0.9505476533364837,0.3313416467793406,1.8936632683897563,0.5334008512375619,-0.5207062213598908,0.5890409812000775,1.1468791992518994,0
1.8515547794990013,-1.600540316655296,0.2526019643021803,1.604984290601866,-1.6376049174566718,-0.15876802375209187,0.1196002626671043,-1.022921770211368,0.38157644212033226,0.8209668843684006,0
1.1172235025884918,-2.054443243965612,-3.256522091295117,0.9686123625173529,0.7613055634094525,-0.11937901920030702,-1.1459005899823282,2.9383252747743676,1.0552266197349185,-1.4281484954450976,0
1.1104117721496694,-0.5230929093274661,-0.2917876089154672,0.7784210923630706,-0.5022751745078862,1.825629104611067,-0.4927552111940789,0.403831909244162,0.530064282442462,0.923970458584404,0
1.7218730803696476,-0.8401102239889011,-0.12575840881277373,1.0641903505778776,-0.16966815878122207,1.3320687115092908,-0.8063626971363014,0.9108128306096056,-0.5467786360896187,-0.17194793491127605,0
4.781243568341444,-2.4887778334119,1.6053290929581643,3.7827642703793196,0.7404071223772372,0.6908314249744303,0.03390078412545998,-0.9692824582881469,-1.245249375305338,-0.11994127362647256,0
1.849140720685972,-0.485329967638381,0.15221178894049106,1.5716836244061563,0.48444660527893796,1.588181053881815,0.4616662947113632,0.5724379707786338,-0.03482291114245428,-1.3013435268355793,0
1.806132916709625,-0.7869695944576671,0.11311289324602239,1.3709175361971546,-1.216325832795099,-0.1314112185933769,-0.2101669077919015,1.00966334200589,-1.251907016682973,0.2349778748162469,0
-0.637995489049182,0.4880927044905534,2.829823738978082,-2.226146290037384,-1.0463548733703751,3.0990368399473103,0.029102708325022607,-3.3474898992550477,-0.8673380544058265,0.008828138267394708,0
3.0961620815436706,-2.400425236130994,1.3330738182648485,2.1475920810526143,-2.21004278929018,0.2888597961257323,1.1040706092820498,-2.098587363445419,-0.3737752776538569,-1.069960156592582,0
-0.5052671499530553,-1.5071760359645612,-3.8516809768890865,-0.1587669397781859,0.0911882738437822,0.7686546042873981,-0.5619462476951015,2.039962158504545,3.1403343983324605,1.068959535275138,0
0.7941183934434264,-1.2261710972709545,-2.2091489318422672,0.4710934057365599,-0.5186079790302947,1.4615748751250026,-1.0780621499637142,2.021829610018825,1.1166636138934318,1.1535634286598602,0
0.6286814527276814,-1.0396525559785172,-1.8507826332458575,0.30753303461531745,0.6052237010182555,1.5407195472491142,1.1154332973811345,1.5688154490295378,1.1093653207284846,-0.20631480361932888,0
-0.8489648314751397,-0.45019504843424174,-0.2791710084942402,-0.9706942063020394,0.5205530577324272,0.4783266080156894,0.6301487764278614,-1.3608750710111015,1.3358255806625818,-1.167534215312696,0
0.1740576109082459,0.5152394088632137,-1.3311679611007798,0.5152946241300382,-0.18138540310928583,1.819284401392114,-0.49435433785671684,2.0606052783597155,0.9807361153489805,0.3382524875291783,1
4.480163757240368,-1.1341611575832362,0.9765196085391016,3.9919084815788852,-0.629352099686685,0.3091711043151213,-0.7492156170889224,1.7337946182994153,-2.3162013625701308,-0.790012802081076,0
-1.965492840444395,0.3986135831361852,-1.6435992343191421,-2.6890797143572627,0.3450753769458505,1.9583968028116492,1.286503119071931,1.5939532436013,0.3370595508336891,0.23882938618641383,1
1.611525064431442,-3.909844135593972,-0.2901441640669449,-0.11764668440498727,0.38124426647807275,-1.2534581026907228,-0.13592728985576719,-2.0640077792032905,-0.36570232039030015,-0.6528084841698033,0
3.742134809739221,-0.5895211442742774,2.7027525008113975,3.046996877158595,0.8280660763723794,2.2509131885460416,-0.2621451438679057,-1.4191419516394588,-1.1567231705153957,0.6569471123242788,0
1.77323869538536,-1.4735815634644456,-1.2671424085358083,1.639895311381402,-0.4691490300258103,-0.05682641858252069,0.6446282463176967,1.4333238667242576,0.23710000449275115,-0.2922597619017695,0
-0.03019825000008622,-1.281771729100377,-3.4624846072370636,1.0757789195956424,-0.5531921834348867,0.028699091467913607,0.7036416157931751,1.4998531723906432,3.7169641860278353,-1.354018358498404,0
1.6438003737099838,-0.6705904869292503,0.968192474925568,0.6661975426524005,1.2030478522059247,0.9948286737818752,0.7754237330893744,-0.015100411134185365,-1.4876469814831825,0.3406541364121413,0
1.0358498625084374,-2.1498536332564138,1.2590730687845937,-0.7072358710849969,0.8074618356124449,0.8550672555831234,-0.10648788318054717,-2.7716748859365277,-0.6188060619343692,1.4555808184893537,0
0.32384185583265934,-2.308914513299011,-3.4484212460120753,0.35938978775913144,1.199638079185914,-0.8709034146812078,-0.21865441149590414,1.9389412877035586,1.8312847278434332,-0.5121457323481332,0
0.806361128471471,-1.630715962264473,-1.4800109444963325,-0.2530747897214418,-2.1643098678478396,1.1594514110503427,-0.3285994380915563,1.321718018586111,-0.04887448626731827,0.4333886157338947,0
2.199206124633702,-1.7973698609793374,-0.9504189650189124,1.4416677473767177,-1.185860547130203,-0.07531865306266239,-2.3219564173418106,1.727707277455085,-0.9772471888591026,-0.3938018684435067,0
1.1291679336948754,-1.118516581356457,-1.998958429877797,1.5523286325290244,0.7151624007606846,0.5264959872388205,0.8521788848080184,1.5037123040416183,1.751935157380828,-0.2773160565659805,0
2.773750770394947,-1.7744833552516308,0.9855478643924723,1.6160381781018163,0.5957022501755148,-0.4383511567988272,1.32596997047509,-0.023683265106254847,-2.1968130337116154,-0.24624212194871742,0
1.497584629965515,-0.8484960086756655,-0.587029469001715,1.1472133742028363,1.1083376866371504,1.3109405691778053,0.5967827796749764,0.9450540398957605,0.21961245476901137,-0.42093888569228466,0
1.2976844567645645,-1.3669362114886219,-1.713340443967912,0.6105323290834137,-0.6095678288359828,1.2912864495318308,-1.0133158355977259,2.1215400928860126,0.09382454791921924,-0.8174008969073498,0
0.05700181739778884,-1.0701178356615673,-2.935786482601835,0.16873658532918956,-1.6247979901029892,1.4039872537244673,-1.2090343969891855,2.0683464790950854,2.2248815080274844,0.7803428116164461,0
2.889947664022976,-1.8089552393912034,-0.565195481609226,2.279592774217103,-1.001062213384433,-1.6193986455660077,-0.28368469367815263,2.27744943782475,-2.241749482069459,-0.828397454793649,0
-2.4143383134503154,-0.7998453206825423,-2.1551056867985214,-1.2115407110483942,-0.8592331420964212,-1.864535876084774,-0.20612450725264117,-1.6701339597990024,3.843957989773993,0.07975652689921599,1
4.3296843887345755,-0.2603360494271264,2.9010617264092042,3.773198616979919,-0.3674105867948155,2.0250780739230025,-0.20372712804159823,-0.5824837797893601,-1.8996297973341587,0.5533635687726227,0
1.3332001264885898,-0.5358604332874213,-0.6585304080676402,1.5911879853836428,-0.9494243267257642,1.408611409459973,1.434734979664344,0.49985273797247665,1.3362328759372348,0.7595464695780427,0
0.30707112145599896,-1.2788710431647798,0.02064669779445743,0.29041616707451046,-0.9113353030920964,-2.0335027856860948,-1.2187153286748758,-1.2447151540724986,0.08406557003441117,-0.1741506097492205,1
3.6945729392836246,-0.3071599743034227,2.8884813270471237,3.1889498247255545,-2.7222777409231447,2.5739646580207145,0.9425452284534718,-1.6701612517468938,-0.8147975062727966,-1.253295627303265,0
0.5971336102539017,-1.298452394202306,-2.862813084420789,0.8603170908657506,0.02128043710406337,0.7084245473440097,0.8867323595545424,2.1711695154564623,1.9916638305515977,0.2214916232783944,0
-0.3272820689246722,-1.7726195590568703,-4.78192755531853,0.5685714533933657,-1.8847863590162737,-0.01255663703523413,0.229314128434647,2.7558716316090655,3.85333328888503,-0.8361069958796004,1
0.8533165853893149,-3.0412367319970186,-1.6662742113013331,-0.13552281158451795,1.6198246049826486,-0.8646977161924242,0.5631354551682595,-0.25952867296325866,0.5882328755295138,-0.16322642823090652,1
0.410103763511627,-0.565953812220261,-2.012260938868667,1.3167569602679254,-1.6547282764099975,1.1251702226769769,0.5387981587692622,0.7892415128168808,3.0366949635805214,-0.3125427371001645,0
1.3475448537634296,-0.7977047722684463,-0.13321185740587177,1.215068008606009,0.12536531576516902,0.8968604855384444,1.161398787431406,-0.029109061661693802,0.5439034626479939,-0.7072933806359618,0
3.247901114313427,-2.216369125193393,-0.6366354171058715,2.76498842594879,-0.06110191375136612,-1.1955438403957652,-0.5520580017774016,1.6179175304557027,-1.2934932525482146,-1.5807508173094416,0
0.9118652221344542,-0.11703873244518226,-0.0666025613079024,1.1780476825518573,0.7641052963280948,-0.3185315157242372,-0.5013692716678184,0.6131305537659344,-0.15508834269079486,1.2902611290460646,0
0.3219874395343884,-0.7350913954018075,1.4560247566321165,-0.7595241222214584,-0.7703829387161236,2.2494507429980777,-1.230138243758088,-2.7907664805099763,0.4427051700382616,2.2042289692956403,0
3.2386302982985002,-0.15759262548912933,1.437019344429304,3.441428692617649,-1.6722497745673186,1.945393089794817,-0.0027502410341822625,-0.29966184514126737,0.11444492920534,0.8965886542360184,0
0.8751358787417761,-0.5297402843980328,0.7150682200662457,1.1288426349615992,1.5094576934076902,0.7242897453437057,-0.24032823743301487,-1.9588991025144438,1.4503296972115214,0.6181091025405885,0
-3.3408976221310867,0.7597008820383431,-2.0375404858303208,-3.042281843184745,-0.24015281230749122,-0.41941605344814237,2.5546863259021158,0.8948135007056646,1.255466836811903,-0.2960461003212362,1
3.2585945076962215,0.08079201093938648,2.132037838907351,3.1641272139787544,-0.5615879353732794,1.4134526670919685,1.9898550733375573,-0.2734574666900065,-1.1940102135036788,1.4644543122672997,0
-0.8676380021719589,-0.6438059146416346,-3.2375473336097396,0.1520328183757128,-1.213941706157383,1.412687349146581,1.9391925690994662,0.9636401488340659,4.309668023207918,-0.044743180762598096,0
0.42769473372879857,0.05017694561521702,0.3543552926421657,0.505985400389158,0.5736870300025537,0.8200125536202169,-1.5215968426326696,-0.5030730085332817,0.5007937129357432,1.2411473438787268,0
1.0116215713157322,1.9322376419823986,1.6480121772736838,1.1061531569564742,0.05178385119895345,2.790646794454096,0.5767938239138171,0.735728406831369,-0.9007651281148297,1.7467389375083464,0
1.3806891329614415,-0.6347987586398575,1.6944596518459893,1.3396747015459787,0.33972385937475696,1.7724215578465672,0.2820026250168557,-3.2334746964680487,1.5863931268355151,0.2829461845074849,0
1.3719752191367134,-1.2028542341714474,1.542709275348216,0.34609521569772883,-1.2646864317560584,1.3981150198118066,1.5292965508395333,-2.3957703866757205,-0.15153999202807167,-1.0698953290805033,0
3.270215332985004,-0.8400225817357881,0.5494702915386861,3.03074659584863,0.8986484586849005,0.4957343599870999,0.559577061510467,1.2123160653458362,-1.231815509702812,-0.7067297635192396,0
3.8942059945684453,-1.3879538238921003,1.6368416061315334,3.3096913828022836,0.47369313673222746,-0.9133931824956396,0.5230790040023944,0.19414748936698767,-2.509905755478562,0.9525983946489063,0
2.2766213790400807,-1.8482646775026794,0.9786396328464593,1.3674022587286383,-0.7345580968654715,-0.22027443642177524,1.013455821741101,-1.1821582160068638,-0.9732386617346189,0.12652320501805506,0
0.6007810825202464,-1.3955070902821016,0.31717021137475276,-0.5738445277237858,-1.4760670917717218,0.4771579834796055,-0.38040725741084613,-0.9480165695632113,-0.6238475503313279,1.197186484622428,0
0.15805630095641562,-0.631449955496501,1.3478702963623372,-1.0130051789875396,-0.8332949582424903,0.8372523044974708,-0.6382769656971474,-1.830637555342958,-0.9130895425928987,-1.4180599219689365,0
2.8980409475992612,-1.9222926610148685,1.0979719614565424,2.2647587854308635,0.07950473236769778,-0.5164704467014529,0.06535059609776332,-1.1379448085548,-0.8923111435662772,-0.505016850367336,1
1.8767619399511295,-0.755833158069783,1.0337658610988099,1.284445906952588,-1.4263789222814078,0.7928525678495889,0.7813622223625104,-0.541207337949233,-0.7861350347535516,0.01804164863409918,0
4.230660522392712,-1.0838851151778175,2.2585836069788376,3.1422647623832183,-2.057966753396755,1.0644746796800932,0.3562167098144623,0.031272480969607885,-2.708251540969223,2.501645035135113,0
0.1203042034305131,-1.4549983380812659,-3.8360004944479766,0.46797743917276613,-0.8145947931704389,0.8940322661350426,-0.5462590381260406,2.7446821716636727,2.696484545534667,-0.8934932338876084,0
0.6379896375151541,-0.4791202093964442,-0.9335973478079586,0.7953571547078916,1.5351487200075487,1.5643779462166163,-0.65695517639841,0.3891059529492832,1.5964140632057695,0.2871333541229858,0
-2.723237090642841,1.8111721991956924,-1.7131178455689156,-1.0263232400258748,-0.9788142460811394,-0.4002822521524607,-0.08804446917604382,0.8882204156078072,2.531125400696669,0.21802509213256502,1
2.151097292866492,-0.8747168448568614,0.611394579065509,2.2427988862096586,-0.20429533330183694,0.5774206341552464,0.8039193308807204,-0.7359671863003542,0.5005334871660596,-0.791709350567595,0
0.9879831594221093,-1.7678955479033416,0.8031867190207636,-0.2758661418612329,1.5991566845286143,1.2903352874925906,1.2010147611718904,-2.2666665809665116,0.18021757663607985,-0.5540552934127837,0
1.008212764740419,-0.6878300616761384,-1.2397596179978505,1.8976528473784486,-0.03151232442302292,0.33098435089901157,0.274741902746345,0.30748703332916727,2.2971964665950044,-0.6190727365172086,0
1.1063451989815651,-1.8099554603783612,-2.4792231560197044,1.261850180563862,1.6411595390915734,-0.4361739145358021,1.1294735893439463,1.7784730678017313,1.3337366314746668,0.5418420893363174,0
2.120061520779662,0.17612552709255902,0.8822635479489316,2.0526321838939445,-0.39814201058847004,0.9428272270649667,-0.6119221214117702,0.8960420352975793,-1.0752495240814073,2.441504342169468,0
1.5558132579461699,-1.728581660915987,-0.07389494377151333,1.117772820255864,-0.407381367381811,-0.2571158675049301,1.4713935483488034,-0.7136915085249491,0.2017827174342739,-0.3616325236171589,1
0.013913118613459577,-1.5938235957121505,-2.485092090371428,0.1285213250515932,1.8276809829496963,-0.1100746138439026,0.9179676706663622,0.9256166836851749,1.9842799498170158,-1.7204456102367125,0
0.8907565737564518,-0.36682510284609704,-1.004763959197951,0.44356871182420954,0.6918811448550872,2.6807403063067055,1.3349032478434442,1.4475602427212266,0.6897169592227277,-1.201303349767834,0
1.8846884290476897,-1.666764278285557,-1.0431726353663229,1.7347699550683395,-0.9169275453299295,-0.3841916661838971,0.326624217565134,0.9815846609161832,0.20424836990784467,-0.3990988538209255,0
3.8502893203023016,-1.705928639843029,1.9713372295643505,2.5701304426021547,1.1817613956614945,1.1051669279312242,-0.2781192303112381,-0.8320312603587399,-1.9673447550515948,-0.44309487395607067,0
-0.3343522371505819,-1.042467703561323,-2.6340362837258464,0.3183079742354261,1.1418532448109715,0.7793104382819704,-0.7922983922041061,0.6280597871503144,3.3120686238247963,1.205956017904542,0
0.5376657903311503,0.305758888936996,-0.7787674232672209,0.6647897742159292,-0.6873843120907001,3.4144708639172254,0.850647667782251,0.7699267000705526,1.8895665413889997,-0.7580853266871995,0
1.5111147814985362,-1.2605485939927943,0.7440089108646937,1.1443645307673223,1.3907324875915426,0.15357921969997712,0.12391742634264473,-1.5055708126983798,0.20454432061935757,0.1848678838526347,0
1.6921915711805684,0.08823579849227858,0.8613199883529562,2.000341391439393,0.8947235146471376,1.5368044540093224,0.9016233760593639,-0.5530600546375877,0.6980841892717011,-0.45310586798071245,0
1.4411486906242204,-1.0126103026021678,-0.7801839622791169,1.1281623764215323,0.024857503751269192,0.9445131382613657,-0.30045486881775135,0.989590781204602,0.26646664996077374,-0.7578561960058762,0
-2.1645276672058182,1.5016044800426331,-1.5675278118346252,-0.36770486264385405,1.366154628273648,-1.6927085316181176,-0.5191573227936902,1.0771289057285025,1.8425638958619646,-0.8021545915096441,1
2.0902252827034955,-2.042396026012357,1.4594136050706115,0.5925399802258486,-0.4924903908336654,0.8424674710780236,-0.38479553417306533,-2.1133266968543047,-0.9671891996923928,-0.9205828940058789,0
2.8498418120304274,-0.5160540587616479,3.624210389698322,0.8973105663172046,0.13227279049742133,3.1021951340993232,-0.5925095652129303,-2.2080909344536943,-2.6279740587460996,-1.5443773533483862,0
1.2150815565429496,-0.1948715948563149,0.7233755981096764,0.572578779715946,-0.4262685566764252,0.8660517399966385,0.40191895517392295,0.375034441055653,-1.2634489763788317,0.8168679695322622,0
1.1143920519711823,-2.1843958345801777,0.28410812503656574,0.02329377259987009,-0.001736523275695409,-0.20898777096814136,-0.2278879815506622,-1.6797226347466452,-0.1699654152283192,0.11955692459848473,0
-0.04860589804417436,-0.012310889069524822,-1.3016581373151093,0.3962689188976414,0.702881798595122,2.4527919194075,1.0357246425830327,0.30884961648512466,2.6749076727080334,1.7320492913680818,0
0.2893187640951523,-0.8466701357740053,-0.48393705116308156,-0.5410306921269625,-1.4689234636701936,1.871386276988775,-0.42444870314248145,-0.05136550618245961,0.4718257289669241,-3.324755719911096,0
3.1348437536623504,0.02486325415743007,2.9148850621683935,2.8398534386334573,1.6739015887420603,2.571818833647975,-0.9851944027873477,-2.013342846214665,-0.40316592801446915,1.1833238104431567,0
0.20862739518825302,-0.7470959564633738,-1.5983039072306156,-0.3312952133551139,0.13784450488078345,2.3800461501139436,-0.7027280159126388,1.2238223298843598,1.1874939362520809,1.533854941032175,0
0.9631399459133474,-1.960543471055221,0.30536346802374975,-0.6849744143010321,2.6450367904151584,-0.8883658202054032,-0.8974915631672096,-0.28554274734353535,-2.197959676682082,-1.4040012963810977,0
5.936860505266893,-3.98058825534798,2.5086264712046837,4.1693817546678344,-0.2029174630104449,0.27011693244090784,0.22035182927354544,-2.6987179887570334,-1.7622524892370963,0.08507903197998995,0
2.407265807952569,-0.7287368088973423,0.4899594149610609,1.7447830108804745,1.4394457151531361,1.4791802883597,-0.4595489411617563,0.8011669900248571,-0.982039598107654,0.7450305629127996,0
2.4954854604598777,-1.4453502193860333,0.9896113871278426,1.8121996784562646,-1.0985508408063949,-0.3052250035238693,0.09831019223810258,-0.4951277080860883,-1.2837187996230823,0.9266055080444071,1
2.2202432433651467,-2.326347644069396,-0.09752587124029491,0.9192373696987324,-0.7250967209741775,0.18155796740928443,0.20001485117174814,0.04648546264358688,-1.0567008106760707,1.8627464923572625,0
-0.04679791063172804,-2.4947912413873867,-1.7575988100075775,-0.3905001938638262,-1.271420777125136,-0.5808741086278342,-0.09839298275123809,-1.1674703684920396,2.129404787371638,-0.32055958252618555,1
0.07295486551105027,-1.1846929464626113,-0.7515659623817844,0.33998322538885006,0.2502953101830424,-0.9434841111416521,0.8091160682419203,-0.9608431135699744,1.4359242923760245,0.8403191275848484,1
0.09459043623732839,-1.6294479692239632,-3.735786154799347,-0.12572183194967712,-1.137687456550734,1.2764987612910916,1.2126082374204565,2.9262603027853107,1.9858064480214583,0.6526464071770783,0
1.600317549475086,-2.386967643833258,-1.4940495469265862,0.7682690922333926,-1.416433628196194,-1.0301166489952744,0.6531931105803095,1.3683553146629535,-0.6795553826388816,-0.23391503064445315,0
0.4972389659708492,-1.2198724966054826,-1.8183976516335996,-0.08496578656352738,0.16057734961564119,1.5668143539219224,0.053307420598760376,1.4163352515171708,0.9036477796590207,-0.31242179149504906,0
0.6189041508193454,-2.23526246993038,-2.972059814584311,0.33184082397613945,-0.23212931854845434,-0.5635523410304377,1.1646149903103564,1.9811112172562833,1.1033019273232578,1.2548119434691696,0
1.7477702020370918,-1.6928557851873534,-1.4813903580703245,1.2881134403845569,0.6990136200130055,0.05612752853491221,0.6354460283143577,1.7933780521871179,-0.13010212305278923,0.5660859827442142,0
1.035808224495879,-0.399143858760443,-0.16960907281367682,1.4944514007686995,-1.0842100797798124,-0.26973032700935506,2.1167468214796505,0.05516481190978806,0.6333182920577639,1.4182387829062901,1
2.4622771123259946,-0.7574984913686752,2.2165512149042765,1.282902658427432,-0.13415564209226424,1.662432634964901,0.4121091610202864,-1.3331632885781055,-1.6305023006412944,-0.0946237926492889,0
0.8404263474076015,0.2520095983209494,-0.14103932847200842,1.4875786273024942,1.6221931015494289,2.3277747664022694,1.9511420482977946,-0.3859480835004885,2.2514670658375984,0.07714478588312636,0
0.8545561288214129,-0.9640284073903171,-2.180614978381587,1.231766266387422,1.2102435005068763,1.1750552036012332,-0.2690165464148226,1.586995773136569,2.0788950803246076,0.06992926714063982,0
2.8177561554160704,-0.09478961782214657,2.2851875003691076,1.8909936619487469,-1.109952837036249,1.991876932913508,1.1470613778404304,-0.3139322306620589,-2.0380656718402808,0.8010809637881857,0
2.9147442722656076,-1.0218180261656173,0.024793568969878714,2.796093792698254,-0.07436859881871455,0.252054125095293,-1.733826354483668,1.26004384853,-0.723894289044134,0.34438421737853486,0
-0.03878725715475168,0.7632273615515659,2.2542978261613227,-1.0008630561806817,0.6148413973029732,2.5787683833030894,1.7786551265382484,-1.9468687468475752,-0.8202814286018383,0.43374922088634593,0
1.4988276930695632,-1.023486168601714,-1.8914387986472259,3.2017872519718296,1.4432895536319423,-0.9222608932973855,-2.206418848383733,0.567774917364151,3.190694299293194,-0.27269458215246056,0
1.4356494594269789,-1.8328349029127948,-2.2223103231973886,1.092072503861099,0.09682817740951716,0.008610173830456813,-0.5038467528248772,2.2486426398728003,0.37305827444685524,1.0045929091264905,0
1.917696927546211,-1.5982099628098028,-1.436389515828487,1.762329328621231,-0.8702562235172253,-0.009534455485296078,0.21911060003441002,1.645059760165028,0.26234346492918226,-0.5458425859710776,0
2.1779833236056687,-0.0409778019204865,2.266229968502336,1.248387131720382,0.286194759048022,1.5956206394938186,-2.498493587871451,-0.7023042668338524,-1.9565735151102404,-0.1358547163882445,0
2.31757182593544,-2.5543752161695936,0.7624986808795546,1.3489885096574574,-0.2323044937361695,0.11064269845516794,0.02925147970187543,-2.1960874572732436,0.12440509976996839,0.5968621810742627,0
2.5852056810668698,-0.46863467880607335,0.21825350586573924,2.313492164960924,-2.185296847334906,1.6894277237930528,1.1438367264203908,1.2501004766130128,-0.5046363704907328,-0.6302864440651417,0
1.0645538874463496,-0.4787270988396628,1.9415733664319987,-0.5529275634120383,0.7917964128034704,2.2059221702599174,0.785812009296809,-1.4340919479988692,-1.6561795626318812,0.7591785027052609,0
2.6547712920362647,-0.6313485952935174,1.2065876773585298,2.591346637756212,-0.47386487015952894,0.1394371027774134,-0.3657996727935024,-0.2654396100729337,-0.8004519754826218,0.4508913752125149,0
3.6661137055541886,-3.2989235644413273,1.525062749051627,1.3489425993428774,-0.5930721344322301,-0.461912858975966,0.31470630755446866,-1.0717706734335004,-3.146026919927011,0.3778292212221578,0
0.599611290578976,-1.142446691925855,1.946015209172159,-1.170264560653425,-0.5895673839924012,1.7720237995288755,-0.23433491104206355,-2.806010744393064,-0.9975904252377047,0.13164456691928453,0
1.417134086893839,-1.26753600583025,-1.138527848315975,0.9937797913561625,1.354019142371523,0.8554578642235968,0.6888909324916298,1.2751025910307685,0.26040742057334376,0.3752169571571625,0
1.26583719456804,-0.22391186315180134,-0.0959664754619471,1.4737842824297147,-0.5951034386477235,1.635878780114603,-0.2828867205196255,0.07373417226677026,1.1092570685597216,-1.3889081710291074,0
1.3800319442657134,-1.5113718550035906,-1.9078959061165146,1.6119963160508946,1.0877398432337475,-0.020867229522960384,0.44350172058452486,1.4075163452414474,1.3104927473695054,1.2823634741156038,0
0.8426548535952264,-1.2464751813947825,-2.245096960693943,0.9372601478801511,-0.06466752999039241,0.897262790403478,-0.5555693479479282,1.6961604460523403,1.629971112823398,1.2338172320892937,0
2.031961227714826,0.24823208129176777,2.118437918100204,1.0846736926767817,-0.7563234246285745,1.923895698633943,0.17255019180419026,-0.17657185893656857,-2.1026189679493967,-1.1493716102158729,0
0.7988315056306017,-1.1350857424947443,-0.4669096999191669,-0.4019303268916692,0.5582916747557968,1.6422557192316938,-0.16037100058244824,0.5986346011545233,-0.5049579838784533,1.171120631033927,0
-1.5898941764607555,2.6297485394692712,1.2442259749695475,-0.3443195738114384,-0.8533033068263332,1.3346415569828758,0.08528423349335175,-1.24990399480191,1.4389319674764927,-0.6421946525342711,1
1.5310055769681776,0.017994462017093316,1.2726879824274477,1.2460671541226263,1.3369204375647132,1.5002320465961017,1.1825657270608714,-0.6110316733462621,-0.37702720781614063,-1.5630894981604142,0
3.8663664783684,-2.085707326233601,0.1536686330670988,3.220854273971865,-0.6099007628719224,-0.6712838432524406,1.5753894740561654,1.261472567288541,-1.7396824393605947,-0.7150632206374263,0
0.13768454631406618,-0.381514419119666,1.5001211362547249,-0.8848036343434478,-0.5411253725348428,2.5849899673655807,1.0668700883760402,-2.6228921547272535,0.45590162805525747,0.3980280299618697,0
2.1540210097110557,-2.8467700882288876,-0.45007633836480687,1.077295023274883,-0.35071044462349615,-1.098344972037257,1.0499941674505682,-0.23121179740219433,-0.7794520602924602,1.8065162106620096,0
-2.1365481827931005,1.4602744078604892,-2.2487218024435305,-0.7365920148782445,-1.1748413083829365,-0.27156872264812315,1.4258947496245888,2.146298783626273,1.90807739022588,1.2237103406692909,1
0.2523438430242109,-2.0821420245848454,-4.184863121880371,0.01196432765172728,1.4961022334255598,0.445727428354852,-0.4759886023863676,3.3664469530586043,1.7544479883297726,-0.33849396429229733,0
0.500075602962276,-1.0886408402128713,-1.3448730904786717,-0.24196982746494666,-0.21339221860714852,1.82065579090307,0.6546766174823133,1.0245234313163505,0.6418046786226435,0.7322345071326534,0
-0.42047089492793355,-0.565112018429927,-2.510658738689888,-0.41032178991342927,-0.30149736352087375,2.5819553293370685,0.24917867171389732,1.4535277021926207,2.5993703340948224,-1.5531320533688295,0
2.001065886624847,-1.9262268792368438,-1.4786487630631568,1.908663926932384,-0.8074354014696146,-0.8084309430813434,-0.14900519936386536,1.4274819404527037,0.21024288509664957,1.1129056673809317,0
2.4240561676478873,0.8397069850202181,3.141639892106527,1.8474017039254527,-0.4678221828322661,3.2234644127053813,-0.8047245724183811,-1.4463821220315018,-1.187146788783017,0.48500129152322796,0
-1.0509700442150218,0.9480788594526932,0.9692337653779676,-1.3606303404344202,-0.10137825626420019,2.391294713293556,-0.4927727282429369,-1.5021502910341118,0.7231024865386422,-0.8135303493662359,0
1.1131459929329073,-0.6310371192573452,-1.0332737594760828,1.9223163120718678,0.41739513073391704,0.16570186834523604,0.5586509150138106,0.3876168041186925,1.8682954950069675,0.16703700072635513,1
-0.8332103183888893,1.9221983351126564,1.2125757202254097,0.286800457554764,-0.8403915362054409,0.8540486981982902,0.6764418164947713,-1.3261390741923238,1.2653077859714283,-0.35870377304891893,1
0.9365923978400582,-0.4763089031923484,-0.5273329972999794,1.349565400188497,2.6846742380640736,1.1417429374691352,-1.2332688262968767,-0.16095429453879162,1.7258863303466545,-0.3511962018037653,0
3.237950814399441,-1.5190832485671641,0.7443855627778487,2.715621289606568,-1.0149348063096417,-0.5129066852675765,-0.7611863848144755,0.42591037549587174,-1.5754461642579378,1.0518950572656043,0
1.580902818234967,-0.4292801471581852,-0.2987603353265463,2.0091734493809517,0.1494194735091969,-0.5291089453426769,-0.28839220030029905,0.9709041491548249,-0.030431842942197807,0.6795756851606412,0
1.4644600553917317,-0.2818199426080277,0.27645647637053894,1.9238649884853638,0.8291298273361137,1.0847686680068178,-0.02733193410609337,-0.5842756561834221,1.288067478019603,-0.26170506767822693,0
-0.496717447140992,-0.05034463000593248,0.07571192095047628,-0.7309881587350489,-0.40863591253667014,0.38693099543906007,0.4788187482130753,-0.5751137125465926,0.22380877972180846,-1.4091069277559771,0
1.441466643979954,1.0874459548324502,1.151687432799837,3.1883116991232625,0.22080850788809125,0.25487402610161225,-1.010222402111855,-1.0474384837305155,1.7827452952222393,0.709784290583688,1
1.9278018305873903,-0.6201342988376858,1.0519436983016255,2.1198367975125283,2.1205681204305016,1.007071881262921,0.5794189828989692,-1.5643579660641413,0.951571982026614,0.8525958032951028,0
3.9970361667167995,-1.3595257192579187,0.8554901653440063,3.2530179730224087,0.023895096986299567,0.5273738563043326,-0.2641710099153342,1.2692686891908007,-2.0655493521543153,-0.302961376874301,0
2.8100316598864734,-0.9785392454797803,2.184249578166703,1.571085195184906,1.0544121122194114,1.5953087546074043,-0.09530972104935061,-1.2025487053702484,-1.7561879108720744,0.7601183762563611,0
-0.32922510356145934,-2.4413768983752804,-2.120633038873757,-0.6011464726377445,-1.6815770997674404,-1.7559647689588842,0.11959867821744911,-0.3668984688316558,1.4341411792935939,-1.1582859963660044,1
1.3663744365315642,0.2067135581024444,0.4986384724946782,1.5549516050446863,1.507633558913684,2.284834957925229,-0.6921522120768903,-0.2252445362104143,0.9824456930616967,-0.08560808947124605,0
2.3862180881333375,2.123182612646074,3.4126148467783253,2.083519236659752,1.8438986920019504,3.6524438347184596,-1.2352804947662746,-0.07269752482504699,-2.058493312243446,1.6845797460168992,0
1.8604821367013622,-0.9553160051910127,2.3501261866834366,0.583869874221038,0.2214776976759162,1.9269709094189302,-1.368268938725629,-2.5629323721203043,-0.8715890218243681,-0.060917832770783234,0
-0.0928851190154699,0.22025880022826372,-1.5149275905839437,-0.1004262151690547,-0.37366207826417036,3.8231481375910663,-0.5072714105938124,1.160850307155024,2.3246639847052557,0.3443557692879563,0
4.876239795862379,0.7761273827903903,3.929600598039056,4.443384505490997,-1.5081878543539287,2.9366711564424217,-1.156978475142292,-0.2783117396866641,-2.636280418836342,-0.6927548576980426,0
0.30231560027369925,-1.1997291602347855,-2.3689471100961192,0.09916502019730766,-0.12011364321136973,1.5105882473910697,-0.182420997152417,1.589974899668703,1.722917099894918,1.192496559031471,0
0.4090094998312329,-1.2230618295142424,-2.512165910348726,0.260824062883933,0.2886539308074841,1.4333005639186602,0.07477626792196859,1.8481308353372388,1.7118467926325656,0.9960086593886697,0
2.624443323270874,-1.5948223346398822,-1.1603468089826394,3.0345945505925296,-1.4622247396898422,-1.0655162149714559,-1.1722604528915,1.558240627151414,0.2805312561950033,0.6950206950882235,0
2.1973035742350717,-0.6285207611007466,0.726149344046074,1.8975309523792945,1.7026964883479363,0.9142874922497518,-0.07474416815016639,0.058927874002552394,-0.5199205730564136,-0.49938429859137107,0
0.2322711495379552,-0.3286624698163346,1.1753209346503202,-0.6310759974744076,1.621226879726228,2.104669550946369,-0.6544018951685149,-1.9142253213484408,0.22633935912797076,0.297083451490835,0
2.8429724593137453,-0.5359422133969273,0.07652632668552307,3.0264068061348395,1.8272615049570138,-0.6112005975918371,-1.6553688814058016,1.9452024635303329,-1.3574001495058465,-0.9954036030247475,0
0.41544857766068793,-0.7443834469443604,-1.5833408179677115,0.3519271524526172,0.7289091555627822,1.725486588072704,-1.0372657409627284,0.9806543090648804,1.625325541815743,-0.7658600900863026,0
1.197094439040015,-0.8165033460891364,-0.8973706331036823,1.4068359318285586,0.6084420694741921,0.8272366740263366,0.7143189358736531,0.5351003234395313,1.2433700699673904,-1.1860692313994132,0
1.0019846831147357,-1.3510747224089978,1.0555598449363162,0.4072342576388076,-0.21903181435247787,0.23879306007125733,1.1936448655732277,-2.439441056262048,0.3339857107195996,1.1511294059581902,0
-0.529537385548046,-2.2850902717735826,-4.34644039072082,-0.26813122295178515,0.0005000650336295328,-0.36453071503212287,0.19630441692435538,1.962080582940104,3.1391124633309397,-0.7730834555704812,0
2.4991980321584464,-1.4458710577763283,1.8632534122558764,1.1128273300014082,-0.36391939348963653,0.7575700448958436,-0.2766358691614466,-1.3167699279589993,-1.8839664637317877,0.6494973648592396,0
0.2211573284684061,-0.03880291675794101,-0.1024827861897277,0.059272575376084546,-0.6053929239275391,0.11390474797110361,1.1384155206557094,0.5386917328390672,-0.4167860075678015,1.9044335081747408,0
1.8869121123751629,0.8923075456525853,2.4372371970313065,1.0528037134560502,1.2083478175735631,2.77969769083444,1.1414643179722508,-0.17294165183758947,-1.9640439219671506,0.32584085214792474,0
0.9278388123734944,-0.986766782250762,-1.4034628009204897,1.7323488806321183,-0.20648098517684707,-0.009657730851380997,0.5604813988049354,0.19502529843996874,2.3088578333971195,0.15915894533210567,0
-1.8631026148724201,0.839415418350131,-1.1824452655535331,-1.9387900864611254,1.970864270717799,2.0454224877996676,-0.019468699077097074,0.7501089747475831,1.2680342335820889,-1.27040874397943,1
0.44924253518336593,-0.6149266417348577,-1.802286560233514,0.7488309466122252,-2.3702524800658122,1.7729353104274659,0.25216735047557565,1.0462492747639436,2.2294270540886743,0.6731320206897123,0
1.2680414904385753,-1.898077749035031,-1.5387784192653735,0.8925517088838009,0.76527643836476,-0.5352535447502047,-1.739065631104434,1.095278765837816,0.26125220230085355,0.15111043728480744,0
1.9462032745087672,0.3106357269261364,1.8936847285742746,1.1285649264375122,-0.0001191485590934855,3.247665200147425,1.0833404379113156,-0.5620667458487818,-0.8619832883358325,0.8197283316910118,0
-0.09601701253291915,-0.9334646884564436,-2.4403744647711534,0.6425314513982343,0.21187867865182275,0.6977891114732175,-0.8955560935463348,0.6820925615367144,3.14999928815756,-0.1664691282352289,0
-0.3213448313025246,0.163336144992847,-1.8281931150479815,0.6541524231733744,-1.1838851760524995,2.470696622969617,-0.7145470084708703,0.38971489082693966,3.731705708157477,-0.1418016249960874,0
-0.0001042520033131823,-1.8107211028149777,-0.25916950671857697,-0.052183122302213336,0.7702504479710663,-1.7141027618677205,0.6493646843375265,-2.23107841593943,1.2126159086020132,1.017686412736359,1
-1.3049813078274046,-1.3716192776047509,-0.13878349798514733,-2.030777271591646,0.2884111487160616,0.683160127585628,-0.5626920244402328,-3.0264104195549795,1.857450488931013,-1.6255993666594517,0
-0.2465046748764508,-2.4874307566043665,-4.885228278180308,-0.4534625947799993,-1.9642925222356131,-0.09416817691164292,-0.4915611585980846,3.3823002149016714,2.2338782515176927,-0.5261623535474892,0
1.2260433926312826,-0.42249948750386035,1.2624015271414335,0.9821277768866203,1.3147798255965035,1.1211141625068743,-0.5655112882176463,-1.6760409304019173,0.3118769666169734,-0.5493598549354416,0
1.7993735873133967,0.09041045625854505,1.504040027276322,0.6105559683824369,-1.1182741545652792,3.2890384243254527,0.7428594795772315,0.054568128375459435,-1.336360554695263,0.7540831702904721,0
3.6029130044378617,-0.06750822858139005,3.244701193764754,3.184402435900247,-2.2363290283141453,1.0542731095411886,0.41076218957588423,-1.3640748990119573,-1.9965458770394324,-0.7922089061846919,0
0.7057291418810536,-1.8685260761140219,-2.8826243946215557,0.9040030404592996,-2.1148662950169905,-0.39698867548146644,-0.20902109965135976,1.8101239959059052,1.7572031272968345,-0.28616863668797066,0
3.7807453444057186,-2.045810283568672,2.746276976365075,2.3991027256401356,-1.1079830420429075,1.4056764295502606,-1.4019080677162379,-2.823345006741981,-1.2272350638310527,-1.249395203059528,0
1.8344601797235143,-1.2667167514411661,-0.759491638791373,1.1702750802109612,0.5054042734309971,0.9007760473816261,0.19584524701068554,1.460694044093069,-0.4862721648161388,-1.2046932828281127,0
0.4526310982361437,-2.200442844143999,-3.2903656793073752,-0.25371980758014634,-0.3016338835352606,0.16248402976534881,-1.5205413173698987,2.7237248278531814,0.6953876854273853,0.1295004510080991,0
2.5675075737021475,-2.1247454916695014,-1.1384005346729344,2.277090277083361,-1.7869457313398482,-1.4012390279704827,1.157346311723567,1.670844437032445,-0.7523713763012758,-1.0692868554188253,0
1.924409180115229,0.6588360247937108,2.355148229629724,1.0765778803411636,-0.14507659570363216,2.4171232276689736,-0.3279419202673591,-0.2655701768062968,-1.9726652465301053,1.410213804814408,0
2.3615408676635106,-0.5750675235398073,0.835299317862615,1.7990671405089236,0.502714891773257,0.4543374016119561,-0.34829345358145714,0.7717651815698892,-1.6595091819783643,-1.3121824775277826,0
0.7133580546327695,-1.4966118550341228,0.22499623423554244,-0.28780562778889673,-1.692681615510937,0.29604009635985484,0.5597004724114222,-1.0562119652167086,-0.317577951193607,-0.8067463802094889,0
0.25225259289904184,-0.9123960493647271,-2.5824679547862295,1.1995890065036252,0.17721878507168543,0.6185042240997586,-0.9120541021539065,1.0516657129929272,3.244917752635841,0.5063669775262545,0
2.5795046359817513,0.20891406762305098,1.7397955371933338,3.5835905774240913,-0.09298279158950128,-0.3802124761160194,-0.24587875575043416,-1.03623460466232,0.18024320066443345,-1.3240868298658868,1
1.0217141761773123,-1.0841100603756775,1.8380807851963923,0.8544087596808257,1.0548590692108868,-2.181253308247773,-0.18688583038065085,-2.7959340327382582,-0.7838073820047191,-0.49314485575414874,1
3.739592248418776,-0.18051275373839826,2.333465406768558,2.6556219324433403,0.9200114600053961,2.140547849708354,-0.30136312044018576,0.6313216018852985,-2.8368522772834686,-1.6644767353332222,0
-0.07265429844329728,-1.7644700099703154,-3.7151555689371047,-0.31110766964452385,0.27402735267208544,0.8267659166104868,0.15187760961393976,2.673938197620452,1.9291434631481923,-0.29859673760962646,0
0.4277887942595964,-0.8573914694316922,-2.049229574241749,0.6612099752105265,1.623263185486201,1.3246762939009038,0.9173151613587754,1.2637145383338815,2.0529924647920486,1.6884421557461313,0
0.08958974282096668,-0.9018487023738552,-0.4415634017631173,-0.856076357262308,-1.1354666958101698,0.23825895053379698,0.4879054450741863,0.4507125993865937,-0.8140467055652929,1.2916352267604467,0
-1.535624494202937,0.9036548991064479,-1.8663976076804052,-1.344594938109858,-0.6810551606146789,2.0616712219445104,0.9958719766589276,1.9459274948745011,1.3954964383877941,0.08079162972197933,1
3.1156647015589267,-2.4503695680692608,-0.07067371977320354,2.975171511352438,-1.8348080296345557,-1.204276569628477,-1.555970026317907,-0.4440306639424756,0.07148726461191401,0.5225619208753273,0
2.899977124890657,-2.4753030413212738,-0.21860653093270024,2.5871597376593156,1.939988391476335,-1.0766054361838626,-0.7419834280919447,-0.27287212629073765,-0.06275488205655266,-0.554337967313331,0
2.2536181976963805,-1.4442574204689067,1.2122706367927538,1.1499826020839299,1.1447596114522973,0.6244124087383607,-0.9404602897857572,-0.8848554909556589,-1.3039380646057208,0.19256023453262594,0
0.5358363274269093,-1.3605144849902073,-2.0673984107288934,0.31754988793616834,3.061946965406219,0.8137271943719656,-1.1031827573082331,1.3668240939577154,1.2857407433129429,-0.98026117629751,0
2.104992789652139,-0.3439837590793675,0.6093062208787725,1.5198282763845943,0.8465180917273377,2.015448663432898,0.4997664384960225,0.6582323588965642,-0.7124267413631558,1.3308671803671674,0
-1.3333538298463423,0.6524834000314761,-1.9829460824389833,-0.7446426629182608,-1.8460482504440554,0.2013897759776968,0.9197033140843018,2.0785865355583226,1.0738110623277095,0.25499675067459876,1
4.7032929591539085,-2.5524693940657324,1.6864115089002096,2.9044493349206926,1.37004366117099,0.3346003331076841,-1.6328778384903724,0.08628992859709994,-3.1945229966605515,0.03462473875924609,0
0.1807181249806636,-0.036568046982263014,-1.5738421838924725,0.8321905120033655,1.1646652085015716,2.3352653944501407,0.6707409459502034,0.6960396182554393,2.862188111457967,-1.235343817146005,0
2.1924411560579062,-0.9192431864422559,-0.01462056437476613,2.2275429379562155,-1.1788166402247968,0.2879248464030376,1.346669723754866,0.47585107111859304,0.03677801888947241,1.308011915661778,0
1.930719361576054,-1.4760355495859203,3.207523456297259,0.6823515651075718,-1.3854282681144907,2.6904926717090865,0.7932854051651251,-5.291657477396356,0.711471638482847,0.18729554982321833,0
2.65611194171708,-0.6162308660536414,1.3550078855422092,1.9645199154693758,-0.13414517626645758,1.3170902111383178,0.40346891810791735,-0.024864063228321465,-1.329055440884713,0.5573042937804867,0
0.9610715421264941,-2.2552246647524044,-2.979288404726582,1.5149416610151971,-0.7328928857272259,-1.5863095998095882,-0.06957820892122617,1.4762373883625235,2.025178311438965,-0.6561959548884432,0
2.4498323223089282,-0.5182554742994705,2.9284221673591366,0.47859514023848215,-1.8604479999243069,2.906988431216041,0.8642436147342264,-1.383964249439273,-2.680402453738333,0.6583925119224902,0
1.1177075036772752,-2.5004665956956,-3.4073325089553745,1.0904442946015895,-1.1416718217393904,-1.1931346783688577,-0.37670042990356545,2.6122020325177315,1.13944967070253,1.4014290022660747,0
-0.06870943536922783,-0.675427686869947,-3.5651221173529555,0.9126443423222357,-0.4652168666180802,1.853149544364609,-0.28879530269948617,2.188084239578238,3.9344016582873214,1.3798386997400571,0
0.9962718003948607,-0.26392824678769344,-0.5642966673046937,0.8797417385606486,0.2767229725883162,2.2864296883953665,-1.2975096399822306,0.6931299041755394,1.0166788171948724,-0.3775546564089599,0
3.049692206311187,-1.7918575083730426,0.4199374801144387,1.8244148826113302,-0.2283383352994422,-0.3114801996422063,0.6198091075303009,1.2317545287579508,-2.566627388251824,0.021060198364359507,0
0.7397956209959503,-0.5067879416983198,-1.002104691434073,1.3885535384597865,-0.4871580226457061,1.0563102808325002,1.429117018551031,0.02246536604057947,2.2869623023491403,1.2212356600669605,0
1.0471737682284719,-0.8342193365816348,-1.335837432950416,1.1211355218400825,0.5233950169020153,1.1832442706038022,-0.3255873571531219,1.1164741101241469,1.242376925613013,-1.1378071596536348,0
2.924789103991739,0.37783121365555017,2.9601129011883067,2.2200675524839855,-0.5361721666239897,2.318986434472455,-0.26403776199440115,-0.8905027020452948,-1.90581877061364,-1.3834625118283659,0
1.2612369586061813,-1.0731260757571763,-1.803543052621434,1.4314546899344884,-0.3217062178214337,0.8730906534174749,0.07587738995981268,1.6523881298779979,1.3143956704700444,-0.18561746791792078,0
1.3129469603467685,-0.8323105777956868,0.712029791034944,0.6343510676504145,1.2691726564583794,0.49929416312064934,0.21294997367162288,-0.5119056181424726,-0.7494680641408916,-0.5593299381372452,0
2.373409949726985,-1.3325575776346972,0.0017372175103253572,2.200576829679469,-1.7645959092770471,-0.4073461582241704,-0.22565670321806863,0.47826258159262713,-0.4918465416791209,0.6729432044950393,0
1.842459982321155,-1.3649309864607946,0.5015502705748202,0.12052195292512868,-0.38024155593020326,1.4207954056851682,-1.9180996005037925,0.6025929576360649,-2.091053094793744,0.8811833430420066,0
2.972149128078337,-1.0600062805285466,1.2386362825889736,2.3539513439142867,0.09412426778927614,1.0603234826370918,-0.719006667681404,-0.3425937191144445,-0.9559492866285342,-1.4891464178991283,0
2.1936906965998118,-0.4031207144028621,0.6634310786253946,2.8585303900708414,0.15310199293432541,0.36449824885913784,1.018157247648752,-0.6601847294762111,0.9308515768217763,-0.29225521544384025,0
1.629639138198716,-1.0520451944857252,2.533426678369882,-0.010328100958910902,-0.9635834445300414,2.8603950453253826,-1.1548659796745833,-3.154301025868271,-0.6279533410609112,-0.11308033588623528,0
2.216849850180888,-2.476239991620731,0.4014808712972471,0.45361722002044647,-0.02974165415538386,-0.47315465955103186,-0.5461110027385696,-0.06793110866196728,-2.2859304000746823,-0.858812727920689,0
0.6542354032033308,0.14786318900341766,0.4825570515125873,-0.26148388191309824,0.006211355621786128,0.35696072499371023,0.3984491228578794,1.4678490286263481,-2.437293624733636,0.15725843678529833,0
1.5699364166832677,-0.3036584692385823,1.2461029435558997,1.2201445306023915,-0.6151876757156072,1.0438500906059511,-0.12889918411818965,-0.8436588959417666,-0.4319763728461542,0.9898601405859991,0
-0.2648540927989306,-1.4523504078402165,-3.4903683755332247,-0.40157341558408954,-1.422006524907533,1.176690970555668,1.1050607298029094,2.381165546730074,2.162077484521867,-0.05282800457476905,0
1.4161784583587858,-2.56913252048221,-0.7101182790687999,0.5875661686948601,0.21482650611660128,-1.369819757153818,-0.561782494830015,-0.3399869177754399,-0.340855039933209,0.024407339533162126,0
1.5119745477074042,0.43982146060622873,1.524284917741352,0.9442669968883164,2.3502058000057215,3.1515522714310173,-2.664332321074447,-0.52292422838938,-0.31376982576472723,-0.47326504683304876,0
2.1470862693452943,-0.82332851593853,0.31676040874159805,1.17806758305263,1.9015592551136702,1.6132417709564675,0.2448193738945395,1.0362142998428563,-1.2890079467880815,1.0366468294192557,0
3.366829938864504,-1.4961987964076666,1.5448123763132167,2.4067719898556694,0.06749368124727499,-0.5953453780132743,0.44508647135340157,0.0009508381226572826,-2.5943632252037117,-0.19084131864335074,0
2.4627029843376227,-1.6251940394322086,1.8056181445539643,0.47184143495347264,0.38196645752409497,1.0658386941849598,-0.8214695290296501,-0.8056328166480289,-2.7574568107230246,0.41692950326481654,0
2.5483693452249114,-0.8781843038221496,1.7377402995542932,1.6858257159446959,0.62152184861589,1.4590894215471248,-0.3326571805631725,-1.0803467095552188,-1.0510824780547572,0.7847815840141892,0
2.6527745366820783,-1.3634295801272434,0.9049047271627042,2.2420331741840744,1.0043766347631322,0.6285620563240992,-0.7005368280095384,-0.8579486905148118,-0.19366716954119068,0.187538784413962,0
3.3422623843309744,-1.583783401190476,2.7635223865878356,2.3133438453677124,-0.1268807141021942,1.2275696804791005,-0.8259841780265164,-2.910125437226836,-0.9118136391988315,0.5068774563905613,0
1.6677022991553485,-1.264886048744736,-1.1714486136232403,1.1862590749306872,-0.5037895841039367,1.1333641783679853,1.214797056894385,1.577643269312583,0.14175692794929362,-0.09733681866268276,0
0.047196701478340666,0.705807455387,1.4634024007485429,-0.2174134276527524,-0.7048221709979829,2.0117324669833367,2.484969953586654,-1.4852987012934389,0.18907322444217955,-0.3670704059816724,0
1.4425313013007681,-0.3789706446648854,1.6286725123614463,0.7850203384843879,-0.9082061822885704,1.1434096173461232,0.06416712562467415,-1.3292546584904568,-0.7677983510893686,0.9939297571216518,0
3.3389524933060435,-0.5331520192311614,1.599801148681716,2.9066999635788258,0.11038963910769706,0.7878506930742425,0.5074209278332887,0.31067414112823877,-1.7192226456299093,-0.3234378675446039,0
3.898087680446854,-3.9612563064976998,0.4773819627271695,2.0591102121755975,-0.08392725487267538,-1.5912881314160479,0.3332400365224288,-0.6045879386441219,-2.3383479680083985,0.5886526793824348,0
0.7532016362437097,-0.7230525589599277,-0.654511280846366,0.2308220499024224,1.4182403547575644,1.7773940427857233,-1.5888184753202212,0.5429696755838853,0.5370833397549273,-0.8417119460380091,0
2.4852826285933705,0.4121310597079393,2.524677125291671,1.978717300112639,-0.7893470120509625,1.9339935411826759,0.10207491624738367,-0.7234129770437894,-1.5692865926441235,-1.0122733568370152,0
1.6336459301799402,-0.6218196708064653,-0.13238223035311178,1.3903512456462435,-1.0195062023841872,1.318078725825551,0.9344277832313074,0.6096921163356448,0.1355513430589268,0.3409526902216264,0
0.46250191606431185,-0.2627164693651315,-1.7888568797754993,1.2984036105291747,-0.37940449898584194,1.6239627940759838,0.3320652491644065,0.9522323275388999,2.8163925839627613,-1.1385673730496195,0
-0.33655498592702077,-1.00578587216887,0.5068270406685207,-1.3144835064171163,0.9994190326779112,0.6632109717121457,1.90329268772716,-1.926201599264908,0.13532678438608414,-0.10735479071401643,0
0.4277886614762686,-1.0782852049051772,-2.651552500338833,0.8434625191038837,0.2666727637833204,1.0109149058303306,-0.9070081583826592,1.6905228245944386,2.4227933890800464,-0.7065605788334728,0
0.2833514542216365,-0.3949609736740032,-1.0374950999588815,-0.8916502679557663,0.02194380821533224,2.2900148091056396,-2.064957387584735,2.081536408671919,-0.8018280448980635,-1.2506960629882262,1
4.131672808562206,-0.12736985029315784,2.721164827077711,4.074809601678192,-0.5401030935987847,1.8376279049800766,0.12415659097130305,-0.9376823661536697,-0.9845649825628798,0.2353179614390995,0
2.1169375865750286,0.0073094177994854626,1.1928166187396885,1.889678706122551,0.07343451924111885,2.0842307351201663,-0.33637866311040404,-0.2025628487922757,-0.23418870025169758,-0.47434544190347283,0
-2.08697397076057,1.7903024364349904,0.5992891435790046,0.43099876944657334,-0.1615559836258885,-2.437649983001574,-0.6248764177655501,-2.6605492488818774,2.9423085030513016,0.8112035278626736,1
1.398795175153714,-0.588816460032898,-0.6721932595506454,2.0557895785803275,-0.2795683042665431,0.582246081016436,-0.9976745727406487,0.23726042517513934,1.6454416296004575,-1.0676348506009778,0
4.20448197534013,-2.0300910912669305,1.878816218709284,2.9241749386735254,-0.10611951556933184,0.8661879737196923,1.7046510059281352,-0.8101795029188703,-1.9527591897663341,-0.2702767610101646,0
-0.048787933734868734,-1.1287847598983811,-1.8631517434417135,0.2474712173956669,-0.09711820107514263,0.5332639120510088,0.14891007584637195,0.1591667628716661,2.3939910763731524,-1.0280964078219301,0
3.834581794026174,-3.894947304820991,0.04271591402371057,2.5071427245481432,-0.575881712458321,-1.3792211551478117,-2.899893780274999,-0.7131514427831085,-1.1469123319056294,-0.10172002555304499,0
1.5343484035870865,-1.1513354799597635,-2.228809025872964,1.9545356431795406,-1.81203890112962,0.5987599917930577,0.6405335916310338,2.23887717807888,1.493208738480003,-0.5975686357669662,0
-2.014157160203691,1.9145741611306075,-0.6270256824480275,-0.13951902250005288,0.8089247222790114,-0.8746506083724106,-0.37418027599018366,0.0005239366822344937,2.14010847377149,-2.0254180833204796,1
0.9837961478522436,-1.807714744235647,-1.7689094317520198,0.5744107387670065,0.5939267344226444,-0.11340043588470716,-1.1044112775115846,1.205624316933584,0.5330359320310394,-0.2701599923826637,0
3.258446582713754,-1.130688725684325,0.30195261023730635,3.207232968886528,-0.10622149384201134,-0.05481925943768684,0.0834811255198509,0.9986800450304917,-0.8352911929696565,-0.5939031720203022,0
-0.9388398246958158,-0.7768429452687752,0.5764797041195823,-1.5881551466373676,0.5053265000780651,0.7859850572362466,1.1029277327426599,-2.8248231827211088,1.112359350803175,-1.3440446284718441,0
0.30012941517424224,-0.6754022149396819,-0.6005196778133732,0.9248197050164111,1.684348516124981,-1.365170231834342,1.0000217150928223,-0.3473955973238406,1.03579484081367,-0.6354231068357553,1
2.646757809948045,0.01377166675530006,1.6731940439440645,1.9461306147694095,1.7701676156472728,1.1786029433286838,-2.640897679343706,0.7291225802044639,-2.321588079304535,-1.1135192324279926,0
1.866230866336212,0.10952901281088723,1.069375373214842,2.006607086017623,-0.8595000398001769,1.8823471458450045,0.5251903903377283,-0.5574159486067061,0.46390221242210794,1.5677961311964723,0
0.697822348473037,-1.2177845164932588,-1.4388147579761084,0.42457160133702654,-0.8177154757301307,0.6824407944945532,-1.632602745687323,0.9220379580598745,0.8677272006833308,1.0146453864394118,0
2.299761402535467,-0.8487637809025853,1.3755875887678986,0.39033847669952404,0.09110086660612234,0.6789979629628242,1.8065346714593336,1.2709568872105947,-4.011453620273058,0.21160038058850683,0
0.9399342461684448,-0.7494773809796276,-1.5759847223405812,1.1320834860216218,0.4990855654659427,1.4113975813160742,-0.13480087150720985,1.276333194225696,1.5888593830867477,1.723465340067103,0
0.9239580641269407,-0.609935672453393,-2.36399772706135,1.6971517675120835,0.11617308407654969,1.584488269836709,-0.8448984534104736,1.8560716311759178,2.6830326284721004,1.1951391798334359,0
1.7631153247238613,-0.334497542264798,2.0402153239018004,0.7414438559281473,0.09018263749689953,2.465530064250186,-0.5219067501050294,-1.590484735458701,-0.7978020703019881,-1.4122943199298554,0
1.1546253315634125,-0.5931887198635417,1.7451913003656154,0.022518785555913134,-0.3341364484598427,1.5745990900196842,-1.3446490274694252,-1.7057372084558193,-0.9653858550759894,0.3388915982185217,0
2.5646385945071724,-1.1325644830264616,0.32425267835032384,1.9946379607111564,0.4874139269048432,0.3414735217771592,-0.21645222277144752,0.8264276268360475,-1.1981955855025732,0.1798310795379064,0
2.8566807443102085,-3.634813018126835,-1.4611173873697278,2.0031378767923593,0.5963970691176537,-2.4773407856756977,-0.4879933162072253,0.9549876151539671,-0.9086505117036956,2.10367310306172,0
0.4319082139574574,-1.6786312520473716,-2.568770813144444,0.2303930305158145,0.36860082912020287,0.2940098387160772,0.31572526693549224,1.671962759728216,1.3617567626261704,-0.8112571191371925,0
0.020095139563906985,-1.6170135673641544,-3.510846281772295,-0.15827670682621764,-0.9809871983289186,0.8116596080698376,0.9912586581920886,2.6354777471998965,1.8127097223205502,-0.9626870321079533,0
0.8972503375085527,-2.300294214853981,-1.0063213571439173,0.0015727988073062082,-0.7604181998113736,-0.9367437518119086,-0.12673603578590625,0.01319231564397505,-0.2442604534387589,-1.595636760889683,0
1.3270241679638004,0.961914693054772,3.217896366063804,-0.21944866329922852,-1.0563279993057415,3.4897784343722633,-1.0585037209958124,-1.1543464886508694,-2.5627692671916273,-0.3119870086480041,0
0.648322923389473,-1.1751819946910174,-3.548703917889874,0.972668064621921,0.6550406137817893,1.2618840713264858,0.6356615967509606,3.2630289178587395,2.1779803324337306,-0.5908170987358049,0
2.8772202109879004,0.46311840495842427,3.6900858283925397,1.5072611252865937,1.6224983409010136,3.1251623699272084,0.022203934542636587,-1.3104715749833313,-2.7407462678437993,0.5310966022846075,0
-1.007542448022235,-1.1052613868801233,-4.019599779345533,-0.14144905086437087,0.7800702973910638,1.1008625849920708,-0.6302185531976071,1.590202858139621,4.330224652500599,-0.241749638893447,0
1.2141919496880311,-1.070192655194217,1.6015942754283077,0.28385389507245595,-0.12442732310641852,1.672297651809634,-0.5690273622751935,-2.6794294289703147,0.21361236081222512,1.0936976406914414,0
1.4597900034963585,-1.2593240209914156,-0.9301796295450852,1.6228075831577424,-1.1100035718859267,0.04206142436490501,2.4100486494071336,0.4412597790706333,0.9888811353704715,-0.599366493840319,0
0.35463886994295535,-0.6623789527722108,-1.5725670604837567,0.5064154490436852,0.5863329755781368,1.54298708603098,-0.3961260979892287,0.8007462656511961,1.9060709425033453,-0.7242465320583404,0
0.9478442228674993,-2.158500695031164,-1.7539453911081855,0.606562442882621,-0.6530916613503364,-1.0547180783098282,1.189515042665042,0.7730053049600898,0.5195917752227677,-0.06614328487366697,0
0.9162990030374423,-1.9081007925465565,1.3927277861085843,-1.0013920632664677,0.15964776940790298,1.3581910049690054,0.5714083877187804,-2.6083465213471153,-0.875096436188195,-0.5553080553860471,0
1.2780370734900361,-1.6445779802517926,-1.1285778230750618,0.8059041378411995,0.4287906399387243,-0.0334064427874301,-0.3411079025487173,0.8450383115003063,0.13333590252728955,0.7991788199053993,0
-1.0186760151131358,-3.2312719332312327,-6.55884333468069,-0.7742543325236075,2.765979614439267,-1.4103924924327602,0.09913833941812458,3.7502086749555437,3.5648304344659536,0.6084077537992262,0
2.4571079725460856,-0.8752212926321902,-0.10862298758055142,2.782144662128802,-0.9142813107966419,-0.17840148463459482,-0.575944811423728,0.7628403175923464,0.059188244135684465,1.127374010445556,1
1.1370656551303777,-1.716329243759601,-2.4597019532060993,0.729432480500146,0.1524347668741858,0.6974689526930428,1.182234028938315,2.3349370269609304,0.751418573342459,0.11127676805327562,0
2.5227670482592113,-1.4042135670235036,2.005285105614823,1.6206763110693734,0.8442832280974177,1.3346755734288611,-0.17494456600131203,-2.4511709642563373,-0.3677475246133256,-0.5899092978657563,0
1.4955082993242987,-0.7587496414129307,1.8953394138693187,0.1361480840710425,-0.33869133992187517,2.3629152293271454,-0.19776904470561435,-1.8944398640439155,-0.8526674792740179,-2.3764328563378636,0
1.3511035081246892,0.7825899428710741,3.0794988811592434,0.5111041515443631,0.1310207620786982,3.8567484378117385,-0.3337788708388873,-2.502409816818944,-0.43005638166538673,0.3191602900919905,0
2.358886307581823,-0.18628605091757644,2.578496859814733,1.4676634374005657,-0.7276723548562242,1.8524372811704002,0.00946519402268165,-1.474140238880484,-1.5145775866097768,0.18911121660394065,0
1.5901992509339236,-0.8065308698110586,0.5530877132178589,0.5364522876650588,0.8593137911229725,1.7367812401393166,0.4667162340051821,0.14259796194421115,-0.9420974440489056,-0.2167365144042404,0
0.8579227706335006,-0.07820091315781164,1.6705561278112828,-0.6683190596453947,0.5507877351167638,2.2480569996322237,-0.1946766623579972,-0.5988160741257433,-1.9222470433083836,-1.702128706538388,0
-0.47138054096233306,-0.11773148127250643,0.028534906996013434,-1.4604067498001894,-0.29340551584204505,0.42983150308120766,-1.4494197291774182,0.552695134908145,-1.4133891731599868,0.8074447180083516,0
2.788550281524305,0.1814996066186756,1.2541631041802386,3.044078201992433,-1.3257937713542476,0.8599126531842083,-0.6590067582323337,0.5599629203670877,-0.8168270264358233,0.23538826054801248,0
3.439338089563237,-2.374744568996932,1.4618932772755608,2.3705306051134443,1.229774224521937,0.6653721979177132,2.220683796583114,-1.8648441841020755,-0.6260538375857123,-1.1343963827064898,0
-0.4977733187298312,0.2579841389590687,0.43153376786875003,-0.4862947502517663,-1.0637896161020317,0.966542191426026,-0.7898474390492546,-1.2069362589735773,0.8594141093958665,1.029882539130331,0
0.7722888305880831,-0.9925329683142616,-0.8245911773337516,0.3759420818863509,-0.7844906432421096,1.2865542715094362,1.1446062820500897,0.3460611163018107,0.7992334494249862,-1.8360719875025393,0
1.3685831077567352,-1.3277280717968596,-1.8010446442874746,0.8900701458666214,0.9729965453330005,1.2168691688930362,-0.3754938863522174,2.129514332693338,0.38541096178770884,0.51651728439791,0
3.739942725552892,-0.6778910386490913,1.9178914957997164,3.2175569388467853,0.5469610954632903,1.274024997007518,0.06884573128385278,-0.12967888254592508,-1.5609255686567458,0.17698631145506066,0
-0.10093048387927606,-1.392672408751766,-2.992777226402217,0.441911138586215,0.3430670089259352,0.39917287224302855,0.30845010833151476,1.140330185183588,3.032314104169937,-0.4846287640039644,0
-0.7594561545791266,-0.7505410952042704,-3.351500818641802,0.13263904284243955,-1.729897831726847,1.5011108254526846,-0.23091025368155538,1.2241068307718077,4.136306526956577,-0.7048684538154905,0
-0.5965239101396469,-2.0529350840982294,-3.159434486885945,-1.480655095201,0.8651986080012756,0.5952002530177578,0.16666168705732284,1.724657780976763,1.2147821049517742,0.8160068487744233,0
1.8471110252586724,-1.4921200758220818,1.2024798369469194,1.4071656441849911,-1.645592614041814,0.5286463093684883,1.5055451919058283,-2.394851994139654,0.5276588619405875,-0.5496045846648339,0
-1.441347906388796,-1.0435759960164324,-1.2122656368570992,-0.5986660602665865,-0.1798166313800403,-2.044059938797317,0.16178191260125813,-1.9964333787577977,2.7297362915975443,0.7603218753498576,1
1.9783782798622294,0.7539241658938856,3.1373797574453124,1.1087321058736328,-0.2763196351264478,2.9918040895475304,-0.8160378953942717,-1.5378489662664983,-1.5805080175188468,-1.1221532378809973,0
4.545167123791612,-1.4877040951381995,1.9791476579181702,4.383948821247323,-0.06638761758997193,-1.8249116008993074,-0.33263731835095905,-0.10584039790698174,-2.4962748043455774,-0.4600762541334986,0
1.3443738727418246,-0.15694275047843675,0.8621359034582676,0.617548467463866,-0.5171370804487624,1.4826382099707776,-0.5253888696369459,0.2196256959525562,-1.103122487485825,-1.4211531401456212,0
-1.0244436988065093,1.3087417423660295,0.7800798003401718,-1.2091492345921897,1.142699916235183,2.4414520650714504,-1.7325440243543537,-0.6792422530051343,0.44513469688260354,-0.5214010918187526,0
0.28960162683256185,-0.5476402902683389,2.5234982955190826,-1.1952533126434672,-1.47423727889541,1.9810862199822417,-1.847408384527915,-3.488944959990409,-0.7047211749632811,1.8095149185186066,0
1.883359608932813,-1.3590765526849906,-0.6220923921345265,1.7808735900918922,-1.3141458544552165,-0.06676946829986274,1.7666554892914357,0.6632315143963703,0.19593733677944003,-1.8259842416276302,0
-0.03125527534607837,-0.574299033028274,-0.2523427545957275,1.0928849805739485,0.04967105630026454,-1.2671562363412663,-0.05876471227672918,-1.9108671444652576,2.4413809270109317,-0.36370311610051537,1
2.629171440675039,0.6155009021696376,2.532466909877876,2.415968753688509,0.2635467405781687,2.276461313384797,2.569907035475335,-0.791561697161516,-1.0389417379307686,-1.1802836038228717,0
3.454550727855681,-1.1972712852012524,1.4623229663330826,2.970739009881177,-0.31676510593564716,-0.5217889178996451,-0.022577941094418186,0.03990867583742108,-1.9721165136895071,0.5334850768245277,0
-0.31387789816883854,-0.6582921500433602,-1.8036287498512842,-0.3708553168878028,-1.0630179915769966,2.068164327201714,-1.1656715902886647,0.5498014497031014,2.2714563377108723,0.23641786235993267,0
2.3224028108906873,-0.4519126502356551,2.6674751730531367,1.7458759153210135,-1.013805932639863,2.651543347681324,0.847932173353264,-3.0145883879162456,0.27576300880434235,0.9495229179610088,0
2.825314161156641,-2.5990185014326643,0.34298224882008715,2.0181828443773875,0.29760494279712235,-1.3156102404361434,-1.0843712084571229,-0.6520018530313254,-1.0161161371754217,1.3201841971984174,0
1.2564293484246551,-1.0120899132182277,-1.50223255955332,1.1482120649615613,0.6918098218337286,1.1504399926079083,1.5973727899525147,1.5755675728250282,0.8681845123257745,0.5493156445582286,0
0.05212765100504879,-0.6032742793395292,0.22968742829098884,-0.28332311719109304,-1.2334975839449034,0.19431307694587707,-1.4896374214361092,-1.0532338055509785,0.29576779743966597,-1.0418475454405287,0
3.725299665949744,-2.248867975108971,0.6039630956037022,2.432750823843554,1.150607550593069,-0.4778412191505439,-1.1326637535596475,0.9640904671350035,-2.628108029111293,0.0001866646349733769,0
1.570758468775403,-1.312576104562725,-1.3589587977036561,1.5110042484658,-0.02465728073149379,0.2939692457665146,-1.885766918754242,1.4052745885186235,0.5667893574253975,-0.8466462488663622,0
2.61489637639239,-0.7284998804160976,2.2011837607237372,1.6574094221317337,-0.4873894162901053,1.0542280965719066,0.5336479953688871,-1.1604530038498273,-1.749993263524583,1.4049423292181198,0
0.15503004362271225,-1.923074339491023,-3.993401587502542,0.6201541073314287,-0.9960497860017741,-0.18357263519228773,-0.5323122659297901,2.4322440692618734,2.774648115133379,-0.3500184545911409,0
3.2156911269985606,0.008689009925175295,3.204186227398527,2.564415832743084,-0.5739300079673577,1.866952094647408,1.0932371075822098,-1.5719211609409833,-1.7391762274994247,-0.45379248516408377,0
2.073889980420169,-0.006917119876922007,1.1176867259398984,2.392105423826311,-0.3587659360951468,1.5285931694458994,-0.08152282681934891,-0.754305056008163,0.6312309118511047,-0.5199750884075218,0
2.5296551132682663,-3.323667568163071,-0.6650610042693899,2.6972231192429037,-1.6894573383151947,-1.3561483118028752,0.19332032475446598,-2.2000017221878414,2.276797677720902,0.16984469724903012,0
1.4615283390159572,0.3716351140308942,0.6980520260958175,0.8133299468736817,1.5587980694978887,1.4743424085035217,-0.43874592004829344,1.522339090801204,-1.8472644263977438,0.39167061561527167,0
1.8043698835208095,0.14372268550883405,1.7019190066232035,0.9963616261173011,1.0951604117202318,2.090440839769697,0.43350549994684245,-0.22767767843283615,-1.4217930704048714,-0.8312707739523109,0
1.3413797936686966,-0.3998039474621454,1.274979059509854,0.3022218040043434,-0.6872265309140099,1.4793363051344808,-1.7794294488516276,-0.45053030090204294,-1.363828834489692,-1.4609249386516574,0
1.9244745649510737,-1.7789689896709289,-0.15684800625546766,1.3144983982147145,0.08432382724223389,-0.4219557612782132,1.6512365786872862,0.07062373469063932,-0.5422288521527207,-0.2855036969711149,0
3.4321805253814452,-2.6238110279642126,0.49862394327584647,2.4640523631889018,-1.4961991540760018,-0.19932487400326404,0.07698314140715402,-0.5331457668315281,-0.9063641186071302,1.4580252755643248,0
0.1383791579873787,0.6979316633035237,0.9938821545539744,-0.5045550198854862,-0.7812967068230585,1.4241609494969372,-1.0249923138187629,0.2231185309654271,-1.3034340365180974,-0.3371881377911729,0
2.3101335458655936,-0.15461532909929987,0.7007468133621114,1.7719646353492795,-0.4702435923032813,0.8677157954276202,-0.429063876901458,1.530235076654113,-1.907679081246421,2.414217312238733,0
-0.3610211178974846,0.153939402238634,-0.7233421955729911,-0.1960982446030186,-0.06266452353256337,2.8913033772955408,-1.8506316416948525,-0.43016494983762454,2.486630689516425,1.712667712838569,0
0.34836878604312743,-0.3945362532133124,0.861211457657044,-0.17611722692327247,0.07575934319837979,1.1581380686778087,1.3414319753737025,-1.502339636884178,0.21572119303872728,0.10940759902005842,0
4.109401256054047,-1.8336031385411151,3.5043812734236024,2.037534515128933,0.36141552377197955,2.5241491205884317,0.6082288953073121,-2.730484251515565,-2.344353223547169,1.4067808557880386,0
2.1618509168159195,0.30107501033641637,2.1769999914603666,2.5354038122522695,1.745871336135157,1.6917776058015104,1.399283341270051,-1.9756695596944065,0.6027036553057221,-1.5534277984667928,0
0.2969099669956418,-3.567333154298934,-1.6985328928265162,-0.774000222106574,-1.0893499965854994,-1.372807044089123,1.212158688550331,-1.4817848277896646,1.2052166000914932,-0.980407409798038,1
1.8194810553168066,-1.5134359705490215,-0.21077267319474516,0.5828501723695158,-1.0219741103907962,0.7617853675039925,-1.2060002010724695,1.0080960445847431,-1.405733173106071,0.40410165500900846,0
1.7786148398914288,-0.5337848701113251,0.3485544567922981,1.9988859039000093,0.2619503493413132,0.7387969528034901,-1.2551077492566356,-0.32185960573988526,0.6283731602085454,0.34494500154628505,0
2.238109889026425,-0.9855805797859483,0.9157175513481658,1.786602786233892,-0.08725601318294572,0.2469305240459485,0.8534214514921151,-0.37039563358010763,-0.8364929258832455,1.1645834712019478,0
1.7089835684202557,-0.8160301271024287,1.9928166466531505,0.5369953463701822,-0.21257862798856803,2.2633510074967567,-0.5208636651508562,-2.178896961590494,-0.5486462813327322,1.177544724769586,0
-1.374124245428499,1.9662462666005531,-0.8234648782581492,-0.41973929220034323,-1.7967380129780532,1.5313618227925776,1.4903794701929813,1.496496260270789,1.273325122629669,-0.5422823377626642,1
1.2980423079825656,-0.45480635266380776,-0.5792947839977122,0.07570893155367564,0.33607116792566905,3.452667792173857,1.9571745336396382,1.8826044020218684,-0.5767572764648554,-0.1868033912610023,0
1.5887282970738583,-0.027556107249031125,0.9403116506447066,1.6310018104939796,0.184810302489739,1.280915415115652,1.2530889173020765,-0.49596189376055433,0.15647954699871414,0.9362090095799499,0
1.0560917767216527,-0.3735295751305824,-0.2003263664709725,0.6552741281797674,0.031075966875013874,2.254769750684468,-0.6766708032480138,0.399194382429107,0.540360829004453,-0.18241813553953884,0
1.973037662413998,-0.9562273972370804,0.20842739155919518,1.53336632690392,0.1634054740224038,-0.26690813123878576,-1.1956237708552124,0.7748494603767739,-1.2158343298650638,1.3005268585960061,0
-0.7347767181188991,-0.7747135007250625,0.3767952208822895,-0.8766362371051917,0.7439016768802931,1.2596976341357078,-0.8327052186054525,-3.261641044242939,2.4469213674806403,-1.6698676666737307,0
1.6660453733740808,-1.1525970387032856,0.2333894228881227,0.959979277044694,-0.3496149900355497,0.8073742165865585,-1.1998597221795984,-0.042663559976354515,-0.4697519540005999,-0.3770441691342582,0
1.3603613191799204,-1.5537911535235978,-1.962301861376001,1.306951239132049,0.6100231697844505,0.3316503717687991,-0.4691413650790981,1.6815814384900285,0.990216742665074,-0.3125161606756704,0
1.955124390445245,-0.1810697633401681,0.8743382745280471,1.5092911608203696,0.1411692986915413,2.01488789278918,1.118457644847877,0.15323702364330116,-0.4620539889445914,-1.4708050816732672,0
1.2103192756861927,-0.7887921149463437,-1.0235937425492718,0.6777138341313429,-0.9086502957414381,1.8538580181439728,-0.7150481829666253,1.5116678685451004,0.24304571997062752,0.2908528001767071,0
0.39677059660520625,-0.616122066336664,-1.5998468322131811,0.7897792805421181,-0.47933686144085164,1.5560347142143325,1.1558850841927,0.6015549392221442,2.3654576955794306,0.22226613244824175,0
-0.7545797338128509,2.598277957715063,2.4581636041128974,-0.7453407276814734,0.6627258265192667,3.899053954584222,-0.8071399829793362,-1.615923911438077,0.2709556574025338,-0.21347213599941883,0
1.0353475614857401,-1.454377035763506,1.4197876810172756,-0.5492772389518787,0.6207475552794239,0.8461220064809717,1.0401885647927522,-1.9375649244367228,-1.266179456646371,-0.566128588607568,0
-0.14670221755887222,-0.33632629848296736,-0.5651722921985398,-0.8649641599343931,-0.44029678710755854,0.10516143992438565,-0.2216885799990672,1.193725432515305,-1.0925367030516682,-0.7707370597008625,0
2.3811203036101167,-0.13637999013225233,3.0434151145664003,1.2896858976383414,0.18151333150755436,2.970838143480397,1.214973511292237,-2.305555306797123,-1.0959110487194983,-1.1874654017384385,0
1.6677478274530548,-1.4076728113517285,-1.1058976927995863,1.3780937823518635,-0.5138386168427719,0.23901944428991373,-1.1473219676483402,1.2897865403765771,0.122609683406676,-0.02683184370905971,0
1.914403403574912,-1.8726707046950621,0.42113930808597816,0.9554802809019963,-0.14655853569167893,-0.0039336453493901136,0.7526823152860572,-0.7216619222861251,-0.7420481001200445,-1.0359109850124564,0
0.011914464531017549,-1.260553810230894,-2.5132428109343947,0.139906225250103,0.6283820360376229,0.9433508520289754,-0.2395073687649446,1.1288020323213883,2.324056035443802,-0.797813748337336,0
1.973159647343145,0.7736076012250523,2.6165600728937197,1.4650015840616397,0.12181470577485806,3.198998136223407,1.5452571697547433,-1.2947837397447761,-0.7327654812682762,1.0033827642199402,0
0.843464550537149,-1.2817675780685762,-1.1686924044307567,0.6396203762446411,-1.3116827504667838,0.6418998064240051,0.8676320839061359,0.4211368011845119,1.0461190804606377,1.0776513095291436,0
2.0939527302567145,-1.3112016262187531,0.17403457943621706,1.3759013422353092,0.40208825820294014,0.38722199137615043,-1.2915256017682013,0.42300047747895997,-0.9185045831674687,-0.8923253901884467,0
-0.6296016447458944,-1.6196767918750479,-3.549500146777794,-0.6779036075038152,-0.06827762263933808,1.003011666270091,-0.8513704503128111,1.6948340049722872,2.7426034301137996,-0.6366700950057121,0
2.7500333420943472,0.5071023728130963,2.372706225783464,2.0601967829652663,0.5956440575697195,1.9745129050295414,-1.5272956904278092,0.2689162733590096,-2.337053476540248,-0.49605231253974436,0
1.880249684575107,-2.269531636761347,0.14361678737862768,0.4962901187088896,-1.1501720603143877,-0.0311645090782533,0.346636196565839,-0.3943096459526083,-1.1870371882146895,1.2526157196195573,0
-1.5291015862464206,1.1498330873049278,-1.3142174623299432,-0.9537781062302271,0.5987390159931402,1.2272843753088554,-0.9202385297763772,1.2849707598733866,1.3911926098612415,2.1640073739123564,1
1.3990799109400318,0.6044151456146527,3.031866417389947,0.3552827193163157,0.3593025800857549,3.52077470195008,-1.2081788236455882,-2.250706542426137,-0.9395526993839537,-0.32894408535730224,0
1.1935588366205736,-1.3304288643360644,-1.283639690405314,2.1175578478234556,-0.17769397711340018,-1.1251622467760494,-0.659602268519233,-0.06925798088467316,2.06694828947519,-0.6662842005099068,0
0.013480400871322937,-0.5253713034632608,0.18773101071503107,-0.9007698295387201,-0.32662348908556743,0.346822394217835,0.28053234055525844,-0.04505275123969388,-1.0196074006583202,0.21741657568671346,0
2.261415055063891,0.0367169049037408,1.7792897589856305,2.0757855755710097,-0.21242892991046652,1.6131862168648452,1.5042142828299232,-0.8158170616014251,-0.5184650754179871,0.028012915358889258,0
-1.5605637223247788,1.3926620489920132,1.1697744108195562,-1.6023807779586474,1.5080475914191533,2.564407372099269,-0.24936410162594572,-2.027368471475448,1.2360959523802615,1.1162463905181252,0
-2.3495999907065106,1.6259841343491674,-0.27543115128335155,-1.738867209578774,0.7661960091741071,0.745957389795882,1.0104138262506557,-0.2606043637388069,1.2422261124105038,-0.15556569452183558,1
0.46589281268776256,-0.6061190206193083,-1.487335099369027,0.4594585187848377,-1.0883194870290538,1.8977829159184072,-1.2793704958528451,0.9795165642327753,1.6671740666008947,1.0383776547651489,0
1.9356043662134386,-0.0602920750765189,1.0710379238390046,2.4607070441554306,-1.0943647975501434,-0.949766855474715,-0.5881543569877504,-0.1613569286896831,-0.633791140432947,-0.676241208242424,1
0.7179259866426208,-0.7029643148450957,-1.171120834143855,1.2350630012640373,-1.5259297187725958,0.8289964744273519,0.6178748004645681,0.20397538465011833,2.0791722250513973,0.7011863260703732,0
1.4322303951494302,-2.1745061899425604,1.6980533858058426,-1.00046797934395,-0.36624169747817953,0.7355038169474297,-0.25018783320716287,-1.988771657431298,-2.4606101337465387,0.15971772868210007,0
2.9572307925122523,-0.9371283322009409,1.8468261804726818,2.1758907650179,1.3520284761807149,0.3653925108697621,0.282187407430427,-0.5701435870864067,-1.9015412591862817,-0.15010422158550477,0
-1.3245504402614905,-1.2313239088341326,-3.2635311297073812,-1.702272864286797,-0.6399918167774491,1.844779885548335,-0.1662214847101506,1.347998342221193,2.6373063808822934,0.11386940030968377,0
3.3116143634450443,-1.3510596423997263,1.7043677630098382,3.2898124993738826,-0.030402766530498528,0.35668318806185395,0.9268668857519582,-1.9185683365318242,0.16692243974491272,0.87362850207453,0
2.7803972270817088,-0.4071666163858738,3.2929257276629507,1.5353382358113348,0.2963644392546358,2.92059898700296,0.2482739329114458,-2.5428028943819556,-1.324121801670722,-0.01016572074277691,0
0.8755385751246751,-2.3759504832490643,-3.138048316102157,0.5441663916935188,1.0728867429928937,-0.6638502535482735,0.32543685943381034,2.3792034434579516,0.9038633253983469,0.7099291292005268,0
2.1008703720081585,0.12859910234238536,2.825612382559761,1.1830332517327733,0.8266415353898965,2.4741658010229495,-0.5721940702934435,-1.7914468946723985,-1.317395042768284,0.1443434672966939,0
1.317710226441585,-0.5961015461917614,-0.9392203662050923,1.9947165315045523,0.12284343854019797,0.7439470128459342,-1.0086640011668284,0.47425596529017955,1.8263118944416266,-0.23833817231357088,0
1.8298059386427274,-0.7956412098736119,-0.5693330772022708,1.0130465537693414,-0.4141211679455457,2.0049714927778917,0.8058902285478261,1.8004552797951539,-0.6443660495664794,0.6816906899038048,0
0.8868211096520783,-1.1573451894793167,-1.3321989142678363,0.3247876750471791,1.0714113018874913,1.317869654240942,2.020049106929647,1.2377858907203536,0.48485137561325187,0.6297498783986742,0
1.6341636362038634,-1.988479610245871,0.07206946566588966,1.1333088509729112,0.3171469847104752,-0.4031205549538859,-0.045861259369021544,-1.209508318179903,0.3092223576875197,1.2024777476530082,0
0.8100103459906525,-0.8989478617634078,-2.4698869209645604,1.7218215596782631,1.1650321048394572,0.566572847547405,-1.245593911614555,1.5816272928599182,2.710791292024565,1.7348318912272276,0
1.9777407353357868,-1.611054995363014,0.3355744736478449,1.5972479981421972,-0.1165103783469821,0.2987252198470962,1.6648018292404523,-1.0358429299290186,0.36659137949535614,-0.930664217960387,0
-0.36094108433679173,-0.6992619994423125,-3.0566506106656783,0.7520819044989593,-1.6490334353493064,1.060880301986574,0.009880609829763149,1.12346469251335,3.998698371508666,0.4848786815321318,0
1.7182224418692427,-1.6418989286960968,0.30961709910932983,1.0613051417842712,0.4796797395099632,-0.023430387385662943,0.1989496964833095,-0.7666986929814379,-0.2854666091180045,0.7540759331580894,0
2.0619591563430597,-3.2254110235449325,-0.49001356086721903,1.2928369896005067,0.3144794724834049,-1.2886763988441445,1.8381007079616358,-1.3905587557872385,0.41121840025599243,-0.2515808307655791,0
1.296056626248625,-0.17433901433205512,1.185792229357696,1.2855670972632538,0.09697017676084972,1.5953139184775484,-0.14428794263673994,-1.5640606314876426,0.7742784053171026,-0.3693867320636845,0
3.372405446867345,0.4714520787766492,3.0355233014400964,2.2251701768906815,-2.5884166322041997,2.31145500841146,0.05976783737328261,0.34666837527802086,-3.3911461992241567,-0.8841584799437681,0
3.6078644741936072,-2.1049404962917464,0.17978701643022574,2.983195033879653,0.06863704842771541,-0.8066977972588227,-0.639230561280132,0.9244925479553037,-1.5676004754539563,1.569866436259967,0
1.4605432620774004,-0.9397156636248668,-0.1920956835790256,0.8597660357799712,1.9324594974495528,-0.5333089589883668,0.443523738462415,1.27468490836159,-1.5271351798470199,-0.7602909475639799,0
-1.056848365021591,-0.6664722096057729,-2.6636012726684615,-0.9550537643734347,0.5389191851437345,2.2683230039925775,0.2961848047310136,0.8083006237652566,3.161965515819399,-0.3606479120661918,0
-0.27279851219168855,-1.9489132353790395,-4.2194626936913044,0.06807154604343724,-0.11565356854823089,0.031037677868077873,0.25258992737909125,2.385254888710685,2.960711900617493,1.1606990035971831,0
0.04357534934272326,1.0827331005873024,-0.10654472063782502,-0.4602927251016723,-1.079392457099354,3.8624051950107376,0.836328719335456,1.3953856901352146,0.13992687500675438,-0.8377094318949696,1
2.5919094536239133,-1.6886182545412964,-0.1852558000045024,2.3935694662763405,-1.9321671625260497,-1.020787907803825,-0.6754811770399278,0.6502765022886445,-0.697530875071604,-0.657484937966344,0
-0.28101313606475475,1.0618756757125667,0.1573584289341073,-0.7971281753655148,-0.927784109060761,3.3005708731049355,-0.23937685150891483,0.8279061684535689,0.013253923462390627,-0.6859980417194214,1
3.490282413249222,-0.18989010100346204,3.2861248553389175,2.9743285223759157,0.3770920937424761,2.9179105905882587,-0.09996977981690322,-2.4623004702678273,-0.5034633032755571,2.390766164767724,0
1.3490037620762436,-2.401250750419507,0.24056568504703787,0.39864493503907494,1.3791625881974978,-0.12681331761978565,-0.08338014443846556,-2.0231475853096983,0.35782944543272976,0.4726630560767134,0
3.3394365071065875,0.8339366818129139,3.533192201495159,2.458824262111016,2.2947685915477845,3.4676429292794597,0.3788105294965933,-0.7369468928414238,-2.286235948616244,-0.8601926954224983,0
3.276360714081839,-1.9776980127723927,1.2613859455673393,2.12853087773843,-0.7286780669457907,0.14753111445089084,-0.2920085455130258,-0.5944086216932045,-1.7288745543643504,-0.02302485444650096,0
2.6294755243330323,-1.2878847831855562,0.17656122251241674,2.2233597142581187,1.2613181018500463,0.132316556305471,-0.32782352634269685,0.6803068814991406,-0.8314355406892051,-2.2481428867921633,0
1.0469097020698137,-0.555709551028198,-1.974023746986093,2.1765855652530495,-1.9854610204177623,0.896860432453287,-0.610022977498356,1.1995910663630789,2.8911647558624836,-0.5487491334148188,0
1.6086185386952336,-1.3840489083557468,-1.295637933442354,2.1602600223948034,-0.4307147004602912,-0.5560812241958288,-0.146059885047167,0.6298971863798494,1.4142071390303432,0.4506555553346548,0
1.288213825650656,0.618254257900344,2.9083404139606226,0.30097573828959634,-0.5124052146241178,2.868374881777118,-0.8979876415443887,-1.9415080140696075,-1.2795848264454577,-0.8680639066752307,0
1.1836658572737013,0.37447638688326346,0.01564993156370269,1.9050926086102167,-1.5763517088994359,2.4204848566056594,0.3535478631986765,-0.18818465618996627,2.089850158015843,0.01424416401371203,0
1.4014431327354,-0.8044739097669203,1.5115932641606737,0.23930121847229613,-0.04546497612900444,1.2689382256894066,0.47291708452549563,-1.2744213427052498,-1.1929772970922854,-1.0612935317114818,0
1.3107311510189008,-0.8295601942718803,-1.1948549882658024,2.03222652310087,1.9094186522934937,0.27033394168507685,0.8098893216611167,0.5789132335875293,1.8592357285356202,1.2514564218142645,0
1.5180998353415949,-1.3589524041576906,-0.48912458423025845,1.3367309333338242,0.9160103197910902,-1.2477454086619622,-0.7222688836538869,0.6845634728724741,-0.5943705431003816,-0.015917845002242307,0
0.14348411001218087,-0.14939364642406572,2.7335923717014086,-1.48329865550072,0.819888153981797,2.5422936149103976,1.183227173712846,-3.2555484654922284,-1.0379417341457307,0.004601087097138987,0
1.4406540064363274,-0.781593254434133,-0.3859003613238448,1.3251490775290633,0.22374831957430621,0.959139732241579,-0.28026910446356673,0.46910619149915833,0.47860387155588335,1.0527915569027135,0
1.038993689739122,-2.062014258282683,-3.2376673939355136,1.3987415322140224,-0.2731223524069119,-0.7386838672746223,1.0544316549732602,2.2907141763712646,1.8239876335325573,1.0358252384175684,0
2.2342226369250797,-1.3039371763017935,-0.8565663202875666,2.2934845500197305,0.5371784276257605,0.11595027464914276,0.712628483846429,1.2120549872045894,0.3102798469071514,1.0445139862434607,0
-0.23024004200728523,-1.1155350591267148,-2.4040774182597544,-0.3490681549950918,1.6263804056686328,1.4647505301689727,-0.5026196138317597,1.1152655694384817,2.1466291602172847,0.3509425048957069,0
0.7196040200223315,-0.20807370858506846,0.7879027620853113,1.6069246949572311,0.7499499706512455,-1.554503305386945,-0.14525129425498856,-1.608585968295686,0.8019697648183861,-0.8406074274696438,1
-0.8349354950465163,1.08297731248707,1.5435331669478065,-1.8118548648737027,0.7870308368716137,2.6599215339764886,0.297394853531108,-1.0390679338972426,-0.8400311322576801,-0.14311573696377775,0
0.9902155321973475,-1.152119159515356,0.7264849350891579,-0.16740392793066738,-0.7206260575907678,0.8161694272412064,1.5187183527167938,-0.9042025804803042,-0.8847339950000885,0.4739340992113509,0
2.7498791602495958,0.22798550180312893,2.3492837924514562,2.043905089397638,0.4276172815847823,2.6356532290340633,-1.5613523357772998,-0.4974989662008731,-1.449773674473021,0.4033003902452816,0
3.3285266695334563,-2.7978661659100608,1.0921298038822218,2.033393014399641,0.5102276451696075,-0.21577980287510212,-0.4847906763568931,-1.4517370689452394,-1.197001020148186,-0.38193227172536476,0
1.1727049954792632,0.29472442076942706,-0.27496848023049636,1.9371942001002056,-0.6240987123257102,0.13137566675304757,-1.621394156122169,1.0686190103039834,0.4806266506760417,1.2046744399937044,0
3.2492714481840617,-1.466782498231365,0.241502826308935,3.313260640418728,-0.4303854763970162,-1.0113584091595622,0.3803814482163112,0.6824076418426062,-0.8114363019363899,0.44198600639503066,0
1.8791204901555498,-1.2641279711235094,-0.24374846556933005,1.9312503239034724,-1.2744928824990227,-0.17215206818880224,0.37955030461222966,0.021679033216487786,0.4197388589925166,0.12407272571949352,0
1.7621365766663752,-1.1502750937547077,-0.3272108878094763,1.5797545262536017,-0.775034189423724,0.27850462781916496,-0.010937837016195572,0.4166088023236195,0.12431525187054804,0.677359521686422,0
-0.04027749009001823,-1.0539061724814638,-2.414779561952325,-0.08357654171754558,-0.682390994285895,1.490143142979398,-0.6768292163870117,1.3322493955714605,2.1032043584719906,-0.9778372003712856,0
0.5318150200932089,0.18994245880521143,-0.4072264269695703,0.629813543634737,-0.3977041139069179,2.8556796502717425,1.8199488505496704,0.21566522173796543,1.6549415173070965,0.3734932694017224,0
1.388996234008251,0.9114444201930809,2.280196118074565,1.1942435344460096,-1.7073844825439868,3.378367041192698,-1.553583543414807,-1.6781172666869701,0.281845778531973,-1.1174181735133961,0
3.2159939671948545,-3.0689316223344756,-0.16864648865141832,2.437544814703088,0.7172835811587757,-0.5812972039551343,-0.564981911032076,-0.6505581342369169,-0.08869149202337023,-0.3773420769478101,0
2.430834735298326,-1.0742957500659618,1.0656896512922698,1.5534341727740149,-2.2332788193557644,0.0091285945833256,0.4881048177193057,0.1869252582287706,-1.9794670743036251,0.9327436083455788,0
2.0130317227783623,0.19068706522390944,3.0768634744498393,0.697797572602072,-0.7296646238211267,2.8631547349158715,-1.0225853502720914,-1.7391160781253505,-1.9028020595938107,0.9965246338965807,0
2.282175867035419,-0.35276985642342173,0.4884659100066258,2.005037202566343,-0.5380372431374223,1.8097746730316697,0.06691572423736862,0.6487896558897763,-0.3082540209674769,0.4915421208773093,0
-1.4872289438086608,0.6283580576893167,-1.129999704740571,-1.437716972859027,-0.36158858057559284,1.331198840837244,-1.1177496539261753,0.7888493356019547,1.052222381142646,-0.8333735587954348,1
3.541671243768084,-2.168011137699285,2.4528119396410206,2.183260340376318,1.4003997947952824,1.856134350581796,0.5542247039460395,-3.0700947702474535,-0.5310585563233818,1.9353203365984042,0
2.6326873309171264,-0.8704469544121721,1.0813750427335105,1.9031039747140341,0.01631560168577677,0.36557196176679296,0.7903785250428523,0.3899012603754779,-1.8164813411885885,1.4458646596420308,0
1.0905727801991807,-1.6420407466056228,-2.0445415664605573,1.4842415048820632,-1.2767729521310867,-0.5971773853876627,1.1129465302072028,1.0666934618184776,1.61954401819294,0.0013796510079850618,0
1.068651143488917,-0.18299178513262038,-0.6492861653736797,1.2140382145947612,-0.16552815135332738,2.129288106825527,-0.6793845698063502,0.7325844656525541,1.3041650294273435,1.2865973693976245,0
3.5364136322015143,-4.975606769719484,-1.013233791699495,1.627637518930468,-0.8522016313215837,-2.6099725867222947,-1.4627663071111208,0.06612151679071254,-1.8392048766794384,-0.8908896119420586,0
0.8504817912252246,0.41583421438204016,0.5262610008244569,0.4597543305035249,1.3704096939838664,3.5069448244688535,1.4294578020440076,-0.07337927179049641,0.6693509403322835,-0.25593056166975336,0
-1.1820591989947535,-0.8338986441355041,-3.501494117812708,-0.2965720180413365,1.1716623117805505,1.3068098129439045,-0.3653359530124707,0.9433782309037337,4.377879757543253,-1.401002838156084,0
-1.627040027646705,1.522386700885347,-0.4043787484365664,-0.802239609674093,2.2784019865292278,0.8776078620182063,0.6573649633895711,0.1564431174746781,1.4220103825277062,1.180490877972961,1
2.469308490107974,-0.5935540411653764,1.0210008265803574,2.0248436405154617,1.0286543794558898,1.1685924006475377,0.42956300020347943,0.049144164161048276,-0.8451446669716887,-1.8655451010781223,0
1.7779343557748377,-0.8953257003604078,-0.22976189059239033,2.2259623958246344,0.7087186735179315,-0.01696151206255503,-0.7601894489620864,-0.08304617268330827,0.9787554324878284,-1.9700004554188741,0
3.932746034990601,-1.0287432022518659,1.4215342207220665,3.2064713839936876,-1.1687410284931263,0.33627103641629996,-2.627065356808166,0.9562300907480881,-2.489199784492886,1.3680984817638127,0
0.299098557986047,-0.6160778982836873,-0.7476364999376685,1.404090064779428,-0.10479191689472767,-0.7711167362737339,-0.29003743960637235,-0.9969788323717008,2.4807510422615393,-1.1732695560039301,1
-1.0590424385966,-0.17633233754014555,-0.35813818165195166,0.009741447395590352,1.4265929803244661,-1.621391839486759,0.3289328939240983,-1.8540487740681044,2.18825928179364,-0.5012461382334787,1
0.7287892215736284,-1.1166058140505835,1.3768220795516988,-1.1865821565581767,0.19656354764246445,1.6512173169068123,1.0080040042932596,-1.3924002827864572,-1.694342758530914,-0.5713742524172769,0
0.20015967952640837,-0.7058428002330015,-0.1354293013726418,-0.21177733610621452,2.1484828491487757,0.08334219164239887,1.6209759662493883,-0.31630815600408513,-0.008202866111521212,-0.7286524143201769,0
1.5977719936875467,1.464430476663845,3.476058472458896,0.629248745653398,1.0478511314651566,4.091355792388354,-1.1377379958113922,-1.4759730256337502,-1.6614349361511551,0.015227020617449225,0
2.474954646902575,0.9449216640170255,2.8656956400511735,1.786167905315411,0.4105320144092518,2.1555841751113944,0.8802850789837808,-0.08593900907807506,-2.5312392652768465,-1.8767187306827366,0
-1.3923880141131537,-0.40912985308749894,-3.259422319705926,-1.2314409088127793,-0.7993484533760062,3.151418229026857,-0.8201768790460255,1.4430423823417136,3.707879660651001,-0.1085929707124442,0
0.3727301365969942,-1.6348845405688297,-1.1544072332241855,-0.18789706196590306,-0.9281426382790505,-1.2034878478641735,0.07272462740328739,0.5649550930896117,-0.3172503487438565,-0.22094226150476054,0
0.6926357313242979,-1.037414755878194,-1.8005266035253449,0.8161703645182383,0.13682182967129333,0.8064314684937531,-1.1843601723120227,1.1936861719696952,1.528355865973181,1.223853198573728,0
-0.03875736717824999,0.0982923828994644,1.1388682634277352,-0.9443430677788338,0.27899179474847396,1.7914968974857852,0.8618168032188236,-1.1236864729212979,-0.5592810753179878,-0.3309781736136056,0
-1.3755650189853195,1.8563729814940508,0.4759469520119702,-0.5407796476583069,-2.2562499347482268,1.926891834429913,-1.1784403468600457,-0.8585495032737913,1.7705446417941744,-0.5790453361681495,1
0.8823020403873651,-1.420407247016334,-2.0368242894277286,1.1025941919396938,1.698092906333733,0.306553813542795,-0.8650714271711278,1.1240365554060823,1.7431370236790615,-1.345583400104966,0
-1.8703836633714066,0.6201524089999635,-2.0825840731385346,-1.789377293347827,1.9928326252700297,1.0317030866733163,-0.7792955995214319,2.0133688334139026,0.971821219493776,-1.1177788402369702,1
0.5623026034719816,-1.307075712640457,-2.520972897639774,1.7587124686785152,-1.3723746002994057,-0.5381399161723419,0.031044897762356697,0.6512902028762334,3.3000355742148626,-0.15674207578227609,0
3.2371342941288086,-1.3056464787056699,0.8894576089443658,2.390603704570742,0.2983918465663045,0.14942568614636653,-0.05519823428737651,0.80799036061154,-2.0977100179509054,-1.0954009030092366,0
0.7558325401207177,-0.7973086284565669,-2.27708561884278,1.6312621675862138,-0.580143651502776,1.0200472058977288,1.369254797421876,1.2556842934214951,2.910093739410245,-0.3815241391915724,0
2.5756349958079907,-0.36062654337651334,0.7282203243223859,2.4889397977950907,0.11821199140193689,0.5444969341868258,-0.6741905603382268,0.820532354148066,-0.9991190960561276,0.02879081373848167,0
-0.33934376983351394,-0.11208502857219893,-0.9254691774817623,1.1789061855886316,-0.7675116467674356,-0.9547368152259379,0.7636977158480469,-0.9906292780889218,2.973181164788766,-0.3961460899373217,1
1.7395300987147146,-1.947982374028914,-1.356655967965478,1.7257421961555113,0.4683155849391383,-1.1541692296346486,0.5199990757978105,0.9264832951168772,0.38139469814954874,0.4015606083877186,0
-1.808742376777304,0.22652597122607243,-0.6994770125674554,-2.8530198950076215,0.9599566744337453,1.9804229330281573,1.5834772772495995,0.35754406739552047,-0.025994323875831782,-0.2133297993092693,1
0.6450431810079822,-1.430070115994975,-1.9108583785985744,-0.6277615671848413,-0.2247456205149846,1.9919924574882137,-1.1326690518768963,2.2100388716706654,-0.17803713487294637,-0.8404709356859309,0
0.5934553679749348,-0.38110441783391846,-1.7004205681824949,1.138957445964489,0.9280450710056922,1.8700958121994309,0.5428283512706765,1.063046235568416,2.4365953020052933,0.20971329919736692,0
3.199919962199975,-1.4096027971282648,2.47031487559128,2.093112045384971,0.9902384537051827,1.151565724686821,-0.5869656870923221,-2.090105995948579,-1.3730607246230906,-0.4540335803194438,0
2.7472502752970955,-2.3604908487114993,1.858307929131064,0.8714150383154073,-0.5481663559692463,1.3487330908018258,-0.5382361859911543,-2.3031307769108063,-1.3708856005433336,-0.5171830838060685,0
-0.021843901836937147,-0.45830561897770583,-1.4449359161807414,-0.3342149439157489,0.0018459552310057436,2.4542365413966145,0.056336286812120925,0.8885560976601838,1.5447712765444908,-0.6508327256299632,0
-0.06806084261290692,-2.460311420609023,-4.094700679600228,-0.4969982549157821,0.3250141362565419,-0.3302357383325545,-0.44624267421975117,2.769324434854382,1.5482673183192768,-0.6149504381483357,0
2.8975119142637853,-1.538540203220684,2.1093650947520595,1.4931046357225122,-0.038140085441648916,1.4964300676047233,0.049802790902832496,-1.7634155316537616,-1.4568762346007376,-2.5108350014014515,0
1.8759636110113787,-0.6957224830925928,1.5197771024350144,0.7674891556977076,1.1342947938882124,1.091421102230824,-1.3938310438129229,-0.5619667660501453,-1.723233797663457,-0.9159247272624271,0
1.8753145377746603,-0.8249388266043061,-0.23083956568292469,2.1250891966034806,0.2612666841318994,0.5642813061925191,0.3319425566668639,0.2131323154428586,0.7916298653139392,0.9315712686810645,0
1.2569639843547964,-1.2908610727981866,-1.9970009492246392,1.8509503719613862,-0.4628156863395111,0.05657916841225874,-0.6126946458776085,1.250025667674345,1.9462903380809746,-1.7022132660800113,0
-0.3414516460617854,-0.16506894885009904,-1.2465794123613763,-1.3032486289697776,-0.3722724842855991,3.84331322603604,0.8247490065722979,1.1707814305433328,0.9652002662048504,2.075637542165838,0
2.904917395578775,-2.4297978726193916,0.7623548524317578,1.9236081009956685,-1.396934091467959,-0.749103800625919,0.33869836883918525,-0.9119157745061985,-1.1965166304541541,-1.3582116685261956,0
3.0966422591488785,-0.46652837581081075,2.933128690294659,1.7023905332525375,-0.8912169480418995,2.3648484182581306,0.31963267591747646,-1.2378620098406636,-2.3292524329981985,0.2886321508983798,0
1.143547485473142,-1.214243849688197,-1.5723239815566319,1.3525675181692196,-0.46843384828036677,0.29159801286377707,-1.154694742632866,1.0635434700303088,1.3081829672292336,-1.2513782464273926,0
2.0134104414210032,-1.0205514048315278,-0.09185863915233972,1.4631351312616916,0.3305733926254358,0.9471791918242506,1.633948183523648,0.8293262521821761,-0.5361848387914723,0.9667604626089467,0
1.7443867672885016,-0.019972481062686565,1.6478814255474492,0.8386340401405763,-2.0966756985697956,2.4291766409754256,0.863791824569662,-0.5176405285205152,-1.1074702546794244,0.6607233944637488,0
2.943269919777705,-0.5465825794610732,1.5184110996049858,2.1152563412785903,1.7687717832594205,1.507334867161392,-0.4921435151960026,0.28210014955577223,-1.7786110109897888,1.7547755448465847,0
